Date,SpotPriceEUR,SpotPriceDKK,HoursAvailable,LogSpotPriceEUR
2021-01-01,48.398333625,360.132082625,24,3.879465383894349
2021-01-02,50.56250008333333,376.2354164583333,24,3.9232101964668358
2021-01-03,28.446666583333336,211.67125,24,3.3480309861622857
2021-01-04,42.173750041666665,313.81500129166665,24,3.7417979905694008
2021-01-05,47.28041629166666,351.67125074999996,24,3.8560961778743654
2021-01-06,41.06041675,305.4079195,24,3.7150445613200875
2021-01-07,67.68708395833333,503.47791545833337,24,4.214895378235702
2021-01-08,76.88416675,571.97958125,24,4.34229996129431
2021-01-09,58.271249375,433.3975017083333,24,4.065108822061216
2021-01-10,43.36041658333334,322.475001625,24,3.769546964634439
2021-01-11,41.77291666666667,310.66874766666666,24,3.7322482029007675
2021-01-12,43.86958308333333,326.2712466666667,24,3.7812212116757804
2021-01-13,42.09708308333333,313.14375054166663,24,3.739978452856477
2021-01-14,70.41166641666666,523.8345832916667,24,4.254358965580426
2021-01-15,72.89125004166667,542.23125325,24,4.288968604947529
2021-01-16,55.042916958333336,409.46499758333334,24,4.008113189283536
2021-01-17,52.996667333333335,394.26374954166664,24,3.9702290310719155
2021-01-18,54.70166658333333,406.94749962500003,24,4.001894176666425
2021-01-19,45.205416750000005,336.29624870833334,24,3.8112169192597642
2021-01-20,34.94374991666667,259.9533349166667,24,3.5537396234080334
2021-01-21,28.136249916666667,209.26250091666668,24,3.337058777584133
2021-01-22,29.591249791666666,220.1591635,24,3.387478702480848
2021-01-23,49.297500291666665,366.8075002083333,24,3.8978733757401636
2021-01-24,49.16750016666666,365.7899982916667,24,3.8952328395104447
2021-01-25,60.491666458333334,450.041252125,24,4.1025056110587945
2021-01-26,61.108751041666665,454.6420746666667,24,4.112655080826371
2021-01-27,57.8112505,430.0925052083333,24,4.057183402066108
2021-01-28,55.98166654166667,416.4191653333333,24,4.025024253949051
2021-01-29,49.810416374999996,370.4308344583333,24,3.9082241263154613
2021-01-30,48.67000008333333,361.957917625,24,3.8850628255575743
2021-01-31,48.23416654166667,358.74124908333334,24,3.876067619353643
2021-02-01,57.511666999999996,427.74250041666664,24,4.051987831568828
2021-02-02,54.633333125,406.346665625,24,4.000644193268373
2021-02-03,44.52625016666667,331.14249924999996,24,3.7960789066404304
2021-02-04,52.041249875000005,387.0575026666667,24,3.952036670938516
2021-02-05,51.38666679166667,382.15250012499996,24,3.939378737870539
2021-02-06,36.38166708333333,270.537917125,24,3.5940649962108706
2021-02-07,19.70999966666667,146.55874908333334,24,2.98112610425274
2021-02-08,43.09125025,320.4175031666667,24,3.763319966059458
2021-02-09,63.924167000000004,475.3466682916667,24,4.1576974901967665
2021-02-10,72.153333625,536.5683352083333,24,4.278793488241208
2021-02-11,79.29708325,589.7724965,24,4.373201346753764
2021-02-12,62.465833333333336,464.62791825,24,4.134619740598988
2021-02-13,53.216249874999995,395.7808342083333,24,3.9743637984858133
2021-02-14,45.88916666666666,341.2779135,24,3.8262290688752576
2021-02-15,50.400000166666665,374.82416708333335,24,3.919991178384201
2021-02-16,52.281666458333326,388.80791345833336,24,3.956645763885596
2021-02-17,49.665416791666665,369.3520838333333,24,3.9053088516922423
2021-02-18,45.399583,337.60916525,24,3.815502919983093
2021-02-19,47.70041654166667,354.71541608333337,24,3.864940130385867
2021-02-20,34.047083375,253.18458495833332,24,3.527744371804861
2021-02-21,32.92250020833333,244.82791979166666,24,3.4941563209302307
2021-02-22,49.48375041666667,367.98541658333335,24,3.901644341270031
2021-02-23,44.46208370833333,330.637500875,24,3.7946367744718636
2021-02-24,31.353750166666668,233.15708158333334,24,3.4453338824659254
2021-02-25,33.15708333333333,246.54875120833333,24,3.5012563690202496
2021-02-26,30.266249916666666,225.05708504166668,24,3.410033227571213
2021-02-27,44.93541675,334.1308339583333,24,3.805226275574951
2021-02-28,41.019167083333336,305.01083370833334,24,3.7140394473023766
2021-03-01,49.17708270833333,365.6716652083333,24,3.8954277163692788
2021-03-02,53.499166833333334,397.808745,24,3.9796660805719744
2021-03-03,51.61125058333334,383.77083475,24,3.9437396832821605
2021-03-04,53.43999970833334,397.3954150833333,24,3.978559523770556
2021-03-05,53.60333358333333,398.56833520833334,24,3.9816112598617126
2021-03-06,34.80208329166667,258.783751,24,3.549677249691674
2021-03-07,39.77000025,295.725417375,24,3.683112865505745
2021-03-08,61.606666749999995,458.1008326666667,24,4.120770091144452
2021-03-09,60.91583375,452.969997375,24,4.109493136817686
2021-03-10,47.34250054166666,352.03750033333336,24,3.857408423596369
2021-03-11,24.981666416666666,185.77041562500003,24,3.2181422125071104
2021-03-12,22.286250374999998,165.72874995833334,24,3.1039699131933616
2021-03-13,16.010416833333334,119.06833275000001,24,2.773239562480649
2021-03-14,19.41624979166667,144.381252,24,2.966110333590136
2021-03-15,48.15875004166667,358.11375033333337,24,3.8745028463794173
2021-03-16,55.91458325,415.791666625,24,4.02382522717508
2021-03-17,57.64499995833334,428.630418125,24,4.054303511962102
2021-03-18,64.795416625,481.79958216666665,24,4.171234869760988
2021-03-19,56.388332999999996,419.29333620833336,24,4.032262275403053
2021-03-20,41.99416645833333,312.264584875,24,3.737530714787518
2021-03-21,31.884166458333336,237.087082875,24,3.4621095373001776
2021-03-22,58.614166708333336,435.84916683333336,24,4.070976420067425
2021-03-23,59.821250125,444.81916437499996,24,4.0913609510944395
2021-03-24,52.438750166666665,389.92541370833334,24,3.9596458250238826
2021-03-25,56.730000125000004,421.8325005,24,4.0383031735418955
2021-03-26,42.69791633333333,317.4929167916667,24,3.7541501212297193
2021-03-27,24.370416583333334,181.20708145833336,24,3.193369961595786
2021-03-28,22.958260782608694,170.71782282608697,23,3.1336778186958174
2021-03-29,30.614583,227.65041825,24,3.4214764640630237
2021-03-30,45.271249875,336.63708254166664,24,3.8126721704106727
2021-03-31,58.65416733333333,436.1700006666667,24,4.071658626852032
2021-04-01,46.662083333333335,347.0354150416667,24,3.8429319148321417
2021-04-02,33.094166791666666,246.15749795833335,24,3.4993570369936977
2021-04-03,39.309583374999995,292.38874983333335,24,3.6714683409293727
2021-04-04,21.006250083333335,156.24541687500002,24,3.044820016458352
2021-04-05,-10.693749916666667,-79.54124979166666,24,
2021-04-06,29.267499625,217.69499783333333,24,3.3764776725588432
2021-04-07,47.034166416666665,349.8633320833333,24,3.8508742826489586
2021-04-08,44.65875029166667,332.106249625,24,3.7990502632991867
2021-04-09,23.601250000000004,175.54416712499997,24,3.161299676730605
2021-04-10,53.39749966666667,397.12625241666666,24,3.977763922148333
2021-04-11,47.975832958333335,356.78666933333335,24,3.870697404084537
2021-04-12,44.580000000000005,331.53250058333333,24,3.797285327957723
2021-04-13,49.20125004166667,365.90958658333335,24,3.8959190305264495
2021-04-14,67.62333375,502.9287529583333,24,4.213953097306709
2021-04-15,64.45374991666667,479.35500333333334,24,4.165947911038875
2021-04-16,54.93499975,408.557915875,24,4.006150663602011
2021-04-17,58.851667125,437.6679179166667,24,4.075020161682275
2021-04-18,61.379166375000004,456.4333369583333,24,4.117070467721064
2021-04-19,70.95500058333333,527.642913875,24,4.262045881507674
2021-04-20,75.34291708333333,560.2645823333334,24,4.322049920433017
2021-04-21,48.19125020833334,358.35958166666666,24,3.8751774736303766
2021-04-22,32.506250208333334,241.71875158333333,24,3.4814323849482696
2021-04-23,47.756250375,355.13499895833337,24,3.866109956266115
2021-04-24,48.763750125,362.61208216666665,24,3.886987211520302
2021-04-25,37.47791633333333,278.686667375,24,3.623751861730184
2021-04-26,61.56333308333333,457.785002375,24,4.120066451158851
2021-04-27,59.212500375,440.310000125,24,4.081132674582992
2021-04-28,59.722916749999996,444.09333154166666,24,4.089715811900304
2021-04-29,54.38166666666667,404.36624908333334,24,3.9960270872574095
2021-04-30,66.8020835,496.7195855416667,24,4.201734270175959
2021-05-01,56.68500029166666,421.4870846666667,24,4.037509630614956
2021-05-02,46.935833,349.0204151666667,24,3.848781413580754
2021-05-03,62.425833000000004,464.2041625416667,24,4.1339791800896215
2021-05-04,30.25958304166667,225.01958391666668,24,3.409812929073824
2021-05-05,35.891666791666665,266.8900009166667,24,3.580505145754767
2021-05-06,64.96583358333334,483.07291925,24,4.173861494520499
2021-05-07,69.81166725,519.1054115416667,24,4.245801148378687
2021-05-08,50.76166645833334,377.45291591666665,24,3.9271414724557
2021-05-09,7.39791675,55.008748000000004,24,2.001198440305584
2021-05-10,55.98833366666667,416.31749725000003,24,4.025143341651034
2021-05-11,72.17166720833333,536.6529235833333,24,4.279047547944324
2021-05-12,68.74541683333334,511.16999812499995,24,4.2304100700820975
2021-05-13,62.735416625,466.475832625,24,4.138926146619339
2021-05-14,71.80166658333333,533.902916,24,4.2739076872518345
2021-05-15,60.201249875,447.68624995833335,24,4.097693114142436
2021-05-16,39.930000041666666,296.93333670833334,24,3.6871279221186226
2021-05-17,73.70374954166667,548.0837478333334,24,4.300053673636127
2021-05-18,74.17874954166666,551.61583325,24,4.30647771483749
2021-05-19,77.71249966666666,577.8849957916667,24,4.353016115306142
2021-05-20,61.00333308333333,453.60291545833337,24,4.110928503390944
2021-05-21,33.30999995833333,247.68624812500002,24,3.5058576509547126
2021-05-22,10.597500125,78.80583333333333,24,2.3606181360398897
2021-05-23,21.145000083333333,157.23291504166667,24,3.0514034748654937
2021-05-24,40.407500041666665,300.47000091666666,24,3.6990154123329884
2021-05-25,59.634166916666665,443.4395827916667,24,4.088228680228463
2021-05-26,65.44541654166666,486.64541629166666,24,4.1812164599826405
2021-05-27,71.76750016666666,533.663336375,24,4.273431729661705
2021-05-28,73.60208233333334,547.3341687083333,24,4.298673317907067
2021-05-29,56.487916250000005,420.08417158333333,24,4.0340267435971695
2021-05-30,40.373333583333334,300.2325005833333,24,3.698169507213235
2021-05-31,67.45708329166666,501.6391702083333,24,4.211491592583568
2021-06-01,68.253749625,507.5679130833333,24,4.223232372116386
2021-06-02,65.51166658333334,487.17124679166665,24,4.1822282425565565
2021-06-03,55.49666616666667,412.6833330833333,24,4.016322949879101
2021-06-04,70.53291620833333,524.5104140416666,24,4.256079497428037
2021-06-05,62.55750016666667,465.215833,24,4.136086136465956
2021-06-06,59.43749995833334,442.0308302916667,24,4.084925339604593
2021-06-07,77.33791691666667,575.1554183750001,24,4.348184351715913
2021-06-08,76.92041641666667,572.0337574583333,24,4.342771334339138
2021-06-09,76.7358335,570.6299998333333,24,4.340368789625797
2021-06-10,78.83333295833333,586.2358309583334,24,4.367335914507007
2021-06-11,78.095417,580.7333297083334,24,4.357931373945855
2021-06-12,37.5508335,279.2241645,24,3.625695575034365
2021-06-13,19.401250041666668,144.27124925,24,2.9653374991308854
2021-06-14,74.12125020833334,551.1816672916667,24,4.305702268629647
2021-06-15,82.6062495,614.2608337916666,24,4.414085337471169
2021-06-16,85.00374958333333,632.088337,24,4.442695368262476
2021-06-17,77.408749875,575.6345838333333,24,4.349099821686917
2021-06-18,80.119583125,595.8004175416667,24,4.38352030765128
2021-06-19,70.03791737499999,520.8158365416667,24,4.24903677218116
2021-06-20,58.43249983333333,434.5333335416667,24,4.067872239038691
2021-06-21,77.63249979166666,577.3137486666667,24,4.351986151260294
2021-06-22,84.589166875,629.0733363749999,24,4.437806207290001
2021-06-23,92.84458304166667,690.3916702500001,24,4.53092694513469
2021-06-24,94.82708387500001,705.1145858333333,24,4.55205506334193
2021-06-25,89.72624975000001,667.20458475,24,4.496763365607607
2021-06-26,79.875,593.9745801666667,24,4.380462912697699
2021-06-27,64.95125029166667,483.0099982916667,24,4.173636992995481
2021-06-28,88.72999891666666,659.8395817916667,24,4.485598038637922
2021-06-29,91.64750004166666,681.5837478333334,24,4.51794969668146
2021-06-30,92.37625004166667,686.9458287916667,24,4.525869911427595
2021-07-01,88.9279165,661.29541775,24,4.487826114597795
2021-07-02,96.58375008333333,718.1962457916667,24,4.570410508469103
2021-07-03,83.604166,621.680413625,24,4.426093351384941
2021-07-04,82.96374958333332,616.944168125,24,4.418403760384628
2021-07-05,93.84500050000001,697.859998,24,4.5416444904361475
2021-07-06,79.52916691666667,591.3933372083334,24,4.376123833831402
2021-07-07,95.85208362499999,712.7458368333333,24,4.562806207648701
2021-07-08,109.04208333333334,810.8483377916667,24,4.6917338933441775
2021-07-09,91.423333125,679.879165625,24,4.515500731711731
2021-07-10,80.449584125,598.2787475416667,24,4.38763070406518
2021-07-11,77.73999904166666,578.152918375,24,4.353369913096661
2021-07-12,93.45125075,694.9975027083333,24,4.537439917974659
2021-07-13,95.01499941666667,706.6758295416666,24,4.554034767733939
2021-07-14,87.38916716666667,650.009165375,24,4.470371329518136
2021-07-15,89.73583383333333,667.4283320416666,24,4.496870174613176
2021-07-16,84.96458375,631.932922375,24,4.442234507897978
2021-07-17,54.986249875,408.9770835,24,4.007083151703966
2021-07-18,38.76541666666667,288.3145822083333,24,3.657528526140609
2021-07-19,88.27041641666666,656.50208025,24,4.480405016554339
2021-07-20,73.663332875,547.8933297083333,24,4.299505156735103
2021-07-21,89.10750020833332,662.808747625,24,4.489843508356415
2021-07-22,87.39333312500001,650.1004079583333,24,4.470418999717695
2021-07-23,88.800833,660.535830125,24,4.486396030584757
2021-07-24,75.290834,560.0512504166667,24,4.321358400968962
2021-07-25,60.70625020833333,451.49083587499996,24,4.10604666160033
2021-07-26,88.50291758333333,658.2220815416666,24,4.483035518513797
2021-07-27,87.223750125,648.6916682083333,24,4.4684766576494495
2021-07-28,79.42208308333333,590.6779186666666,24,4.374776454058879
2021-07-29,39.01875029166667,290.19791654166664,24,3.6640423073029558
2021-07-30,58.33541695833333,433.86416245833334,24,4.0662094039032
2021-07-31,39.97291675,297.31458454166665,24,3.6882021435409076
2021-08-01,56.43583325,419.7408345833333,24,4.0331042980722245
2021-08-02,80.08708316666666,595.648755375,24,4.383114582227596
2021-08-03,96.51041637499999,717.9116642083333,24,4.5696509442294975
2021-08-04,98.16916745833333,730.269584625,24,4.586692189056605
2021-08-05,94.50958316666667,702.88624575,24,4.548701238529211
2021-08-06,69.90791620833333,519.8566652916667,24,4.2471788933042856
2021-08-07,61.50458329166667,457.4275004583333,24,4.119111697103368
2021-08-08,15.416666999999999,114.65333325,24,2.735449196911946
2021-08-09,68.70416679166667,510.952915875,24,4.229809849378372
2021-08-10,90.76791666666666,675.0504123333334,24,4.5083058824922455
2021-08-11,100.76208358333334,749.4179153333333,24,4.612762129946009
2021-08-12,106.54249958333332,792.4200006666666,24,4.668543962667864
2021-08-13,94.90458458333335,705.7962519166667,24,4.552872014073176
2021-08-14,61.85708291666666,460.01291675,24,4.1248266099320805
2021-08-15,61.944582375,460.645000125,24,4.12624015267719
2021-08-16,72.94416745833333,542.4429117916667,24,4.289694319179315
2021-08-17,65.265833,485.35000233333335,24,4.1784686681087235
2021-08-18,73.37500083333333,545.6454150000001,24,4.295583289505444
2021-08-19,91.35416675,679.3458315,24,4.514743894810593
2021-08-20,102.17999966666667,759.892911375,24,4.626735960640435
2021-08-21,91.46291587500001,680.20042675,24,4.5159335991452805
2021-08-22,78.05458320833334,580.4845886666667,24,4.357408366676653
2021-08-23,93.87916645833333,698.1704177916666,24,4.542008492144229
2021-08-24,96.0024995,713.9795837083334,24,4.564374227587227
2021-08-25,81.248749625,604.214578,24,4.397515431860662
2021-08-26,89.18333333333334,663.1945800833333,24,4.490694176089204
2021-08-27,91.6941665,681.87375125,24,4.518458762189823
2021-08-28,84.41125045833333,627.7245839583334,24,4.435700691987705
2021-08-29,80.74250041666666,600.4170849999999,24,4.3912650836926925
2021-08-30,106.57499875,792.5133285416667,24,4.6688489509224445
2021-08-31,110.05416683333334,818.3841629583334,24,4.700972670348215
2021-09-01,111.85916679166667,831.8083344583333,24,4.717240640694743
2021-09-02,117.29541675,872.2554168333332,24,4.764695682006039
2021-09-03,110.46541654166667,821.387504625,24,4.704702499498097
2021-09-04,106.87583391666668,794.7295837916666,24,4.671667729955528
2021-09-05,97.62916666666666,725.9904174583334,24,4.581176287573442
2021-09-06,127.82374924999999,950.5233332083334,24,4.850652356056075
2021-09-07,127.98250008333333,951.7029190833333,24,4.851893536473888
2021-09-08,124.77916754166667,927.9075012500001,24,4.826545515252041
2021-09-09,130.23333304166667,968.4670741666667,24,4.869327711153345
2021-09-10,138.286250125,1028.36542,24,4.929325813084624
2021-09-11,129.01791554166667,959.377075125,24,4.859951274886673
2021-09-12,104.98624916666667,780.6670838333333,24,4.653829381264012
2021-09-13,140.83833258333334,1047.2595799583335,24,4.947612655132229
2021-09-14,143.23833241666668,1065.1787515416665,24,4.964509903179378
2021-09-15,168.21166641666667,1250.78916425,24,5.12522310551799
2021-09-16,158.94291658333333,1181.9000142083335,24,5.0685451225596845
2021-09-17,146.65916729166665,1090.54208625,24,4.988111304834634
2021-09-18,131.00250016666666,974.1212489166666,24,4.875216408260761
2021-09-19,94.10333383333334,699.7241693333334,24,4.544393474585789
2021-09-20,150.698749625,1120.550422625,24,5.015282808484558
2021-09-21,149.89208320833333,1114.5520831666665,24,5.009915589893528
2021-09-22,135.791665375,1009.7208277916667,24,4.911121838977496
2021-09-23,69.19958391666667,514.560836625,24,4.236994849840615
2021-09-24,93.27791641666666,693.604995625,24,4.535583385481641
2021-09-25,125.219166125,931.1416676250001,24,4.8300655310153235
2021-09-26,119.90041670833334,891.5800017083334,24,4.786661537493095
2021-09-27,129.13249933333333,960.22958375,24,4.860839003843042
2021-09-28,154.920001625,1151.9533259166667,24,5.0429088651358365
2021-09-29,128.293748875,953.953750625,24,4.854322547714413
2021-09-30,94.35666687499999,701.6083335,24,4.54708193042046
2021-10-01,73.63583333333334,547.547916375,24,4.299131773196091
2021-10-02,103.23166604166666,767.7333377083334,24,4.636975647470258
2021-10-03,35.460000125,263.70125270833336,24,3.5684053041711605
2021-10-04,134.61875025,1001.1066615,24,4.902446711000625
2021-10-05,158.23624900000002,1176.7870865416667,24,5.064089163093952
2021-10-06,184.10958229166667,1369.3341764166664,24,5.215531136268902
2021-10-07,302.526249,2250.7041728333334,24,5.7121680472600085
2021-10-08,203.89291949999998,1516.963322875,24,5.317594951621904
2021-10-09,139.49166716666667,1037.9991684166666,24,4.938004865905017
2021-10-10,141.581249875,1053.4629186666666,24,4.952873756354823
2021-10-11,113.03124991666668,841.0312525416666,24,4.727664328415112
2021-10-12,153.56208395833332,1142.6866735416668,24,5.034104941011685
2021-10-13,188.24291645833333,1400.639160125,24,5.23773323759665
2021-10-14,119.76916766666666,891.1550026250001,24,4.785566287504414
2021-10-15,72.80416729166667,541.699163375,24,4.28777319658172
2021-10-16,99.98791575,743.9104105,24,4.605049336186048
2021-10-17,142.01999975,1056.6141688333335,24,4.955967890993632
2021-10-18,181.37000070833335,1349.374994875,24,5.200539147534792
2021-10-19,148.92499966666665,1108.0462506666665,24,5.003442821276488
2021-10-20,57.61708341666667,428.6995850833334,24,4.053819110823495
2021-10-21,54.33916704166666,404.31124716666665,24,3.9952452752400593
2021-10-22,55.233750583333325,410.9604180833333,24,4.011574190050901
2021-10-23,118.90083379166667,884.645830125,24,4.778289816217705
2021-10-24,85.76583283333333,638.1070874583334,24,4.451620708458066
2021-10-25,107.97708316666666,803.3604075,24,4.681919011706886
2021-10-26,138.770417625,1032.4374999583333,24,4.932820895854502
2021-10-27,34.0525,253.32374995833334,24,3.52790345133936
2021-10-28,60.58750008333333,450.72833491666665,24,4.104088602546915
2021-10-29,80.45958341666666,598.5229135416666,24,4.387754988987317
2021-10-30,79.06249979166667,588.1295827916666,24,4.370238676286793
2021-10-31,57.27159992,426.05480072,25,4.047804862456968
2021-11-01,68.99833258333332,513.2916679166666,24,4.234082338846332
2021-11-02,194.42000033333332,1446.3875045416669,24,5.270020769107424
2021-11-03,181.0670814166667,1347.0666605,24,5.198867578166537
2021-11-04,167.37541675,1245.022499125,24,5.120239293926086
2021-11-05,88.99833370833333,661.9333343333334,24,4.488617647178597
2021-11-06,70.64625008333333,525.4237509583334,24,4.257685030345143
2021-11-07,35.407500416666664,263.343749,24,3.566923673874166
2021-11-08,175.224164625,1303.2300033333333,24,5.166066094933163
2021-11-09,83.392083125,620.2462551666666,24,4.423553378300137
2021-11-10,152.588332125,1134.8908309166666,24,5.027743655409409
2021-11-11,178.07708175000002,1324.4483338333332,24,5.182216500095118
2021-11-12,146.54083258333333,1089.82333375,24,4.987304110327069
2021-11-13,143.06416725,1063.9395802916667,24,4.9632932516422565
2021-11-14,143.31750008333333,1065.8375014583332,24,4.965062449382959
2021-11-15,218.075832625,1621.8075027916666,24,5.384842858379172
2021-11-16,235.14749974999998,1748.8633067083335,24,5.460212975759578
2021-11-17,93.27874979166667,693.66708375,24,4.5355923197643655
2021-11-18,83.54875029166666,621.2933379166667,24,4.425430297319323
2021-11-19,57.290416875,426.0225009583333,24,4.048133364969331
2021-11-20,86.26708275,641.5258307083333,24,4.45744809716957
2021-11-21,92.797083,690.0391666666666,24,4.530415206108467
2021-11-22,169.88708308333335,1263.2812576666668,24,5.135133999203454
2021-11-23,137.76791670833333,1024.5529072916668,24,4.925570506423219
2021-11-24,198.56249991666667,1476.5712407499998,24,5.291103911610052
2021-11-25,124.943750375,929.1562550416667,24,4.827863639023266
2021-11-26,164.44666566666666,1222.8254165833334,24,5.102586296763149
2021-11-27,175.29833295833336,1303.6062572083333,24,5.166489282231848
2021-11-28,198.46999929166668,1475.942077625,24,5.2906379516351985
2021-11-29,265.4108327916667,1973.7545700416667,24,5.581278937913904
2021-11-30,123.61791699999999,919.2841682499999,24,4.817195494064896
2021-12-01,91.00416625000001,676.7716675,24,4.510905288435875
2021-12-02,175.699583875,1306.502077625,24,5.168775626806639
2021-12-03,149.44291625,1111.2587457500001,24,5.006914488811004
2021-12-04,186.40333241666667,1386.0941770833333,24,5.227912779863503
2021-12-05,120.83833279166667,898.5524979166667,24,4.794453559598291
2021-12-06,232.63791849999998,1729.895009375,24,5.449483247004577
2021-12-07,175.74499866666667,1306.840423625,24,5.169034073197196
2021-12-08,130.65749966666667,971.5562490000001,24,4.8725793930490875
2021-12-09,254.56750104166667,1892.9891790416666,24,5.539566030849508
2021-12-10,235.68041562500002,1752.5187707916666,24,5.462476716226852
2021-12-11,230.87291716666667,1716.7708282916667,24,5.441867417002443
2021-12-12,178.51291720833333,1327.421669,24,5.184660963914243
2021-12-13,224.79416429166668,1671.5695800416668,24,5.415185158125938
2021-12-14,233.85083324999997,1738.914600375,24,5.454683447347073
2021-12-15,117.57874937499999,874.3266640416667,24,4.767108316542308
2021-12-16,169.73249883333332,1262.1312484166667,24,5.134223661467313
2021-12-17,213.86833129166666,1590.3245875416667,24,5.365360551324914
2021-12-18,136.68291645833332,1016.401238625,24,4.917663764876725
2021-12-19,94.91166662500001,705.7729206666667,24,4.552946634045121
2021-12-20,328.03125066666666,2439.27374775,24,5.793108880268398
2021-12-21,430.44999950000005,3200.8687642083332,24,6.064831171942389
2021-12-22,403.7195853333333,3001.9783275000004,24,6.000720541255629
2021-12-23,274.572084125,2041.6895676249999,24,5.615213828024103
2021-12-24,182.524166125,1357.2316741666666,24,5.20688258137946
2021-12-25,197.05541558333334,1465.30458825,24,5.2834849865586255
2021-12-26,172.16541733333335,1280.2216619166668,24,5.148455743330889
2021-12-27,148.8279165,1106.6841710416668,24,5.0027907156893665
2021-12-28,109.79499991666667,816.43583175,24,4.698614989938965
2021-12-29,155.60333254166667,1157.0670802500001,24,5.047310028877839
2021-12-30,70.99416704166667,527.9120821666667,24,4.26259771932374
2021-12-31,42.609166375,316.850419,24,3.7520694032509745
2022-01-01,82.40666658333333,612.8166657083333,24,4.411666338780322
2022-01-02,55.68541641666667,414.1045798333334,24,4.019718288893186
2022-01-03,78.19625066666667,581.5054186250001,24,4.359221700962801
2022-01-04,140.981666625,1048.5516713333334,24,4.948629857988153
2022-01-05,108.68541666666665,808.347915625,24,4.688457623826516
2022-01-06,188.02791529166666,1398.6641744166666,24,5.236590437401026
2022-01-07,157.72041579166668,1173.2820815416667,24,5.0608239452706405
2022-01-08,145.76666704166666,1084.2112477083333,24,4.98200717232337
2022-01-09,131.534584,978.3675028333333,24,4.8792698132381
2022-01-10,244.4975006666667,1818.5966517083334,24,5.499205086640457
2022-01-11,155.98250075,1160.19915775,24,5.049743826278
2022-01-12,129.61124925,964.3195889166667,24,4.864539579919811
2022-01-13,18.537499874999998,137.93958225,24,2.919795700720962
2022-01-14,87.97666645833334,654.5812524166666,24,4.477071625436125
2022-01-15,170.21666645833332,1266.6324920833333,24,5.137072134132068
2022-01-16,95.256666625,708.8266649583334,24,4.556575002371216
2022-01-17,83.26250025,619.5758349166666,24,4.42199827074185
2022-01-18,162.49708204166666,1209.2158355833333,24,5.090660044941902
2022-01-19,52.473749999999995,390.5208371666667,24,3.9603130445558956
2022-01-20,69.85208425,519.8499981250001,24,4.2463799241983855
2022-01-21,132.769582375,988.0545832500001,24,4.888615162425722
2022-01-22,157.49749979166668,1172.211258,24,5.059409583801065
2022-01-23,140.20500045833333,1043.5462417083334,24,4.943105640571679
2022-01-24,130.66208179166668,972.5183307916667,24,4.872614462177662
2022-01-25,175.27750054166665,1304.555005375,24,5.166370435382177
2022-01-26,104.90458329166667,780.8983325416666,24,4.653051206456046
2022-01-27,33.390416916666666,248.49458020833333,24,3.5082689401509457
2022-01-28,115.80874995833334,861.9016660000001,24,4.751940123237102
2022-01-29,70.67166595833334,525.9870802083334,24,4.258044728195011
2022-01-30,52.68458370833333,392.11542091666666,24,3.9643228834986513
2022-01-31,184.793332125,1375.3616536666668,24,5.219238076981953
2022-02-01,137.43749925,1022.78291575,24,4.923169262857954
2022-02-02,132.03458391666666,982.3508386666667,24,4.883063887639217
2022-02-03,173.64166620833336,1291.5366617083334,24,5.156993786148619
2022-02-04,119.26166575,887.1779175416667,24,4.781319950979607
2022-02-05,49.592499624999995,369.0979188333333,24,3.9038396050584994
2022-02-06,53.383749791666666,397.37833612500003,24,3.9775063886366775
2022-02-07,81.19666687499999,604.4066725,24,4.396874197987688
2022-02-08,114.20999966666666,850.1737557083334,24,4.738038856143915
2022-02-09,117.47000033333335,874.3762486666666,24,4.7661829846733985
2022-02-10,130.33708320833333,970.1191609166667,24,4.870124042322804
2022-02-11,176.99874966666667,1316.93792725,24,5.176142668518747
2022-02-12,108.78541620833333,809.4124984583333,24,4.689377283234565
2022-02-13,82.28416691666666,612.2125021666667,24,4.410178706631589
2022-02-14,88.82291737499999,660.8620862500001,24,4.486644695248882
2022-02-15,108.806250125,809.5858358333334,24,4.689568778773722
2022-02-16,107.06708404166666,796.8545812083333,24,4.673455591669003
2022-02-17,68.52083404166667,509.83625316666667,24,4.227137845618655
2022-02-18,105.51083375,785.0179202083333,24,4.658813637217367
2022-02-19,39.61708304166667,294.65249983333337,24,3.6792604151796233
2022-02-20,67.28124975,500.48291812499997,24,4.208881590848891
2022-02-21,74.06166654166667,550.91999475,24,4.304898077820279
2022-02-22,123.242917125,916.7791620416666,24,4.814157343725838
2022-02-23,104.73874991666666,779.1720910833333,24,4.651469153670958
2022-02-24,108.74166741666666,808.8500036249999,24,4.688975045577281
2022-02-25,112.35666629166667,835.96708425,24,4.721678331910396
2022-02-26,224.80374958333334,1672.8795775833332,24,5.415227797521595
2022-02-27,178.628748875,1329.1712495,24,5.185309623433578
2022-02-28,178.54666645833333,1328.5608291666667,24,5.184850003792428
2022-03-01,229.19583375000002,1705.3666585416668,24,5.434576807319353
2022-03-02,278.7762489166667,2073.325444583333,24,5.630409484858131
2022-03-03,338.19958249999996,2515.6604257916665,24,5.823636201987076
2022-03-04,358.77750016666664,2669.2796020416667,24,5.882702419652787
2022-03-05,343.498333,2555.3049774583333,24,5.83918225866664
2022-03-06,339.27541225,2524.056671125,24,5.826812203057699
2022-03-07,392.4574979166667,2919.7075093333333,24,5.972428245796526
2022-03-08,445.35583375000004,3313.0912425,24,6.098873589039867
2022-03-09,443.7341652083333,3302.8420714583335,24,6.095225656115376
2022-03-10,252.604168875,1880.271672625,24,5.531823713640061
2022-03-11,80.06958370833333,595.734580875,24,4.382896052974403
2022-03-12,114.78874979166666,853.995825375,24,4.743093480752886
2022-03-13,110.57374991666667,822.5716698333334,24,4.705682718392422
2022-03-14,248.94750145833333,1851.9533284166666,24,5.517242036718621
2022-03-15,271.11249979166666,2016.7520853333333,24,5.602533863120287
2022-03-16,230.33000054166666,1713.9274877083333,24,5.439513065566512
2022-03-17,165.05666675,1228.1262614166667,24,5.106288849788817
2022-03-18,215.61208216666668,1604.8912582916666,24,5.373480877198751
2022-03-19,130.58916687500002,971.7937513749999,24,4.872056264512142
2022-03-20,49.58166658333334,368.94291604166665,24,3.903621140066578
2022-03-21,188.50791770833334,1402.6850000833335,24,5.239140009763669
2022-03-22,236.48833341666668,1759.6520894583334,24,5.465898876553129
2022-03-23,236.53374925,1759.6545766250001,24,5.46609090071072
2022-03-24,237.23749916666668,1764.4100037083333,24,5.469061745550384
2022-03-25,216.30041816666667,1609.2383372499999,24,5.376668266228835
2022-03-26,174.28291633333333,1296.679593375,24,5.160679934717988
2022-03-27,186.65130443478262,1388.586945826087,23,5.229242194003639
2022-03-28,126.8616675,943.7887566666667,24,4.843097260530526
2022-03-29,210.71583179166666,1567.6795755416667,24,5.350510457008073
2022-03-30,244.74624954166666,1820.248759,24,5.5002219576636575
2022-03-31,210.171665875,1563.0487671666667,24,5.347924653329457
2022-04-01,172.83000120833333,1285.4183247916667,24,5.152308459403858
2022-04-02,166.40333325,1237.7549998333334,24,5.11441455973696
2022-04-03,170.91333483333335,1271.2120615833335,24,5.14115661418896
2022-04-04,75.32666629166667,560.2616609166666,24,4.321834206134674
2022-04-05,153.55750008333334,1142.1587510833333,24,5.0340750902614335
2022-04-06,121.33416666666666,902.3791643750001,24,4.7985484470769135
2022-04-07,76.61791649999999,569.832084625,24,4.338830946263779
2022-04-08,107.20833275,797.3354144583333,24,4.674773976492679
2022-04-09,59.82499979166667,444.90875145833337,24,4.0914236303120575
2022-04-10,62.82458245833333,467.2320810416666,24,4.14034643730066
2022-04-11,218.890832875,1627.908335375,24,5.3885731255112
2022-04-12,181.52666604166666,1350.0529149583333,24,5.20140256325293
2022-04-13,208.45250066666665,1550.3629251250002,24,5.339711200736819
2022-04-14,221.97583383333333,1651.0004170416667,24,5.402568519340362
2022-04-15,191.7404175,1426.251256375,24,5.256142465074246
2022-04-16,149.21499958333334,1109.9291667916666,24,5.005388216116875
2022-04-17,111.572085,829.923761375,24,4.714670884249779
2022-04-18,126.38083329166666,940.07791775,24,4.839299834864216
2022-04-19,212.36249933333332,1579.648757875,24,5.3582947169687465
2022-04-20,203.24958358333333,1511.9049936666668,24,5.314434699635333
2022-04-21,198.36958191666668,1475.9158172500001,24,5.290131866144242
2022-04-22,171.97208350000002,1279.4233450416666,24,5.147332158407975
2022-04-23,104.8904165,780.4266651666667,24,4.652916152792209
2022-04-24,108.28666608333333,805.6029104583334,24,4.684782026236204
2022-04-25,221.22291629166668,1645.7966664583334,24,5.399170864153994
2022-04-26,232.60250033333332,1730.2725015833332,24,5.449330989525212
2022-04-27,222.15416725,1652.5491739166666,24,5.403371587927559
2022-04-28,228.31125075,1698.8045806666667,24,5.430709832873409
2022-04-29,227.832499125,1695.4195862083334,24,5.4286107060041875
2022-04-30,201.27500020833335,1497.7766723333334,24,5.304672133221112
2022-05-01,194.74124841666665,1448.856674125,24,5.271671746214393
2022-05-02,212.26541708333332,1579.2362569583331,24,5.35783745898858
2022-05-03,218.15625050000003,1622.8037516666666,24,5.385211551462611
2022-05-04,231.28999833333333,1720.934163375,24,5.443672327201447
2022-05-05,234.13833104166667,1742.2933554166666,24,5.455912098990189
2022-05-06,223.71791775,1664.49290975,24,5.410385962516903
2022-05-07,197.2295837083333,1467.3500010416667,24,5.284368449721775
2022-05-08,171.81458283333333,1278.0537465416667,24,5.146415888563274
2022-05-09,215.4295845,1602.4854125416666,24,5.372634102087738
2022-05-10,171.40833320833335,1274.993746375,24,5.1440486234668645
2022-05-11,156.59458308333333,1164.7687508333333,24,5.053660192175116
2022-05-12,154.04333341666668,1145.8024978333333,24,5.037233948654574
2022-05-13,143.6570825,1068.9237549583333,24,4.967429088073461
2022-05-14,145.55166566666665,1082.9775042083334,24,4.980531114074393
2022-05-15,149.02500045833332,1108.8408279583334,24,5.0041140801815365
2022-05-16,208.39166445833334,1550.5666707083335,24,5.339419311278575
2022-05-17,225.05208574999997,1674.7483317083334,24,5.416331867636452
2022-05-18,193.44291616666666,1439.4566675833332,24,5.264982462056132
2022-05-19,210.809166625,1568.6820779583334,24,5.350953300660095
2022-05-20,201.88958295833334,1502.4687450000001,24,5.307720928932413
2022-05-21,116.77250033333333,869.1279138333333,24,4.760227600321627
2022-05-22,166.00208316666667,1235.3204141666668,24,5.11200033747459
2022-05-23,180.00833379166667,1339.5487467916666,24,5.193003148661044
2022-05-24,126.28750029166667,939.684168625,24,4.838561056063396
2022-05-25,163.09708379166668,1213.5733439166668,24,5.094345629587702
2022-05-26,48.720832916666666,362.4829164166667,24,3.886106719246202
2022-05-27,43.21416708333334,321.47916733333335,24,3.7661683832327517
2022-05-28,34.40791679166667,255.96833433333336,24,3.538286677194004
2022-05-29,154.29708345833333,1147.7237498333334,24,5.038879857429835
2022-05-30,225.99291545833333,1681.0262502083333,24,5.420503651251443
2022-05-31,210.1504173333333,1563.2337544166667,24,5.347823547332253
2022-06-01,215.25708329166665,1601.2883301250001,24,5.371833050044766
2022-06-02,171.31125070833332,1274.3733469166666,24,5.1434820815640805
2022-06-03,173.74791474999998,1292.3991649166667,24,5.157605482934034
2022-06-04,162.025832875,1205.4741668333334,24,5.087755784710998
2022-06-05,141.617916125,1053.59458425,24,4.953132699562339
2022-06-06,91.36124983333333,679.700005125,24,4.514821426126443
2022-06-07,183.82125025000002,1367.5741627083335,24,5.2139638193974225
2022-06-08,190.21833358333333,1415.1783345416668,24,5.248172536545534
2022-06-09,185.49166625,1379.93498725,24,5.223009955162282
2022-06-10,184.049166375,1369.2345835416666,24,5.215202930474919
2022-06-11,132.55124870833333,986.0512439583334,24,4.8869693533495315
2022-06-12,112.72333320833333,838.5054159166666,24,4.724936437844609
2022-06-13,153.54416525,1142.1574885,24,5.033988247141731
2022-06-14,180.03666554166668,1339.3341673749999,24,5.193160527600405
2022-06-15,211.82958291666668,1576.343317625,24,5.3557820972413355
2022-06-16,201.97249958333336,1502.4379069583335,24,5.308131547456654
2022-06-17,247.35291604166665,1839.7687479583335,24,5.510816126735686
2022-06-18,192.50166516666664,1431.8087413333333,24,5.260104803906876
2022-06-19,154.65208479166668,1150.4554215416667,24,5.041177979749343
2022-06-20,267.37166716666667,1988.9745890000002,24,5.5886397023100765
2022-06-21,287.69000124999997,2139.9066669999997,24,5.66188351586945
2022-06-22,323.3408324166667,2405.3162384166667,24,5.778706975601602
2022-06-23,295.08041575,2195.1379395,24,5.687247914955058
2022-06-24,242.18624991666664,1801.5899810416668,24,5.4897070578999365
2022-06-25,240.37208308333334,1788.33792625,24,5.482188068976588
2022-06-26,201.6708314166667,1500.6629231666666,24,5.306636820802382
2022-06-27,316.64750354166665,2356.2212523333333,24,5.757789178963783
2022-06-28,331.46166616666665,2466.1520691250003,24,5.8035121654331006
2022-06-29,315.542915375,2347.8787587916668,24,5.754294696106522
2022-06-30,325.477499625,2421.486226416667,24,5.785293333683304
2022-07-01,305.8708305,2275.3000081249997,24,5.7231628902845575
2022-07-02,218.42458466666668,1624.6858392916668,24,5.3864408046906105
2022-07-03,200.10541729166667,1488.6683375,24,5.298844314145096
2022-07-04,265.96750008333333,1978.6433207916668,24,5.583374121179253
2022-07-05,246.05791666666667,1830.3733215,24,5.505566941826557
2022-07-06,259.46500091666667,1930.2270915,24,5.558621822283284
2022-07-07,195.3695830833333,1453.5366617916668,24,5.2748930626161785
2022-07-08,193.7866669583333,1441.8070831666666,24,5.266757899145362
2022-07-09,101.34625025000001,754.2183427499999,24,4.618542874186925
2022-07-10,115.16375149999999,856.9370792916667,24,4.746355041628797
2022-07-11,369.9262479166667,2752.632512416667,24,5.91330365581446
2022-07-12,372.87583416666666,2774.658747375,24,5.9212454799538765
2022-07-13,276.09166691666667,2054.235410083333,24,5.620732937085012
2022-07-14,253.27875270833331,1884.7662455,24,5.5344906715640905
2022-07-15,219.36124995833333,1632.4908347083335,24,5.390719914003155
2022-07-16,132.90750004166668,989.1487422916666,24,4.889653397848974
2022-07-17,219.26458458333332,1631.9158274583333,24,5.390279149374386
2022-07-18,381.666664625,2840.6225178749996,24,5.9445476219708855
2022-07-19,394.197502125,2934.1383464166665,24,5.976852058130811
2022-07-20,276.7133331666667,2059.9758402083335,24,5.622982071995043
2022-07-21,372.9570859166667,2776.3183492083335,24,5.921463361863172
2022-07-22,324.821249,2418.0162555833335,24,5.78327502794564
2022-07-23,318.13958099999996,2368.3362629999997,24,5.762490220439108
2022-07-24,258.64708429166666,1925.3258475416667,24,5.555464523591347
2022-07-25,263.124999875,1958.6583303333334,24,5.572629203961586
2022-07-26,165.63624883333333,1233.1054229166666,24,5.109794111918475
2022-07-27,233.71166479166666,1739.8333460416668,24,5.4540881538279145
2022-07-28,455.07374704166665,3387.6195779583336,24,6.120459487227434
2022-07-29,437.7004140833333,3258.1770732083332,24,6.081534690240115
2022-07-30,380.7741648333333,2834.287490833334,24,5.942206456165391
2022-07-31,317.756251125,2365.4983368333333,24,5.761284582968104
2022-08-01,376.82958354166664,2805.2621256666666,24,5.931793052204298
2022-08-02,331.84499991666667,2470.320017458333,24,5.804667992178938
2022-08-03,295.16749825,2196.852498375,24,5.687542985885649
2022-08-04,380.1141688333333,2829.2379048333332,24,5.940471651894327
2022-08-05,362.82249958333335,2700.1329396666665,24,5.8939137328101365
2022-08-06,250.55583291666667,1864.4470851666665,24,5.5236817815844255
2022-08-07,214.92500016666668,1599.053751625,24,5.370289130835972
2022-08-08,359.5479164583333,2675.054580708333,24,5.884847454672398
2022-08-09,344.872088,2566.1549885416666,24,5.843173588862803
2022-08-10,335.08000245833335,2493.4137522916667,24,5.814369316622165
2022-08-11,368.14583204166667,2739.4183299166666,24,5.908479142391592
2022-08-12,436.7983334583334,3249.901662166667,24,6.079471609080773
2022-08-13,377.745000875,2810.0675100000003,24,5.934219367114253
2022-08-14,329.9654159583333,2454.2704239166665,24,5.798987848842346
2022-08-15,426.6045812083333,3173.0687459583332,24,6.055857544864571
2022-08-16,490.792917875,3650.012084958333,24,6.1960222829751075
2022-08-17,551.952499375,4104.986256958334,24,6.3134619907175376
2022-08-18,563.7599994999999,4192.784963041667,24,6.334628628131865
2022-08-19,515.0970853333333,3831.86334225,24,6.2443553981073325
2022-08-20,457.9737485416667,3406.0466816666667,24,6.126811864876855
2022-08-21,364.1320854583333,2708.2437540833334,24,5.897516673952848
2022-08-22,563.8137474166666,4193.381256125,24,6.3347239618816165
2022-08-23,605.1279258333333,4500.711273166667,24,6.405439883337338
2022-08-24,624.3416646666666,4643.759582458333,24,6.436697758054269
2022-08-25,599.8304124583334,4462.072916666667,24,6.396646969361488
2022-08-26,699.441668125,5202.216674833334,24,6.550282399813461
2022-08-27,607.8391697916667,4521.229166541667,24,6.40991032360472
2022-08-28,401.00167245833336,2982.530018791667,24,5.993965598016907
2022-08-29,658.4104105416667,4897.0596007916665,24,6.489828461117663
2022-08-30,660.236251875,4911.160380083334,24,6.492597728355374
2022-08-31,604.4908346666666,4496.221252416667,24,6.404386508098163
2022-09-01,571.1979179166666,4248.21089675,24,6.347735765914856
2022-09-02,425.4287504166667,3164.1721089999996,24,6.053097484912752
2022-09-03,287.7512491666667,2139.893736583333,24,5.66209638874519
2022-09-04,242.71208425,1804.9104218749999,24,5.491875902387139
2022-09-05,356.06582899999995,2647.85499075,24,5.875115626679092
2022-09-06,411.4024995,3059.2966562916667,24,6.019572052795928
2022-09-07,457.3858362916667,3401.171223916667,24,6.125527315415457
2022-09-08,432.1766687916667,3213.657084125,24,6.068834460180852
2022-09-09,345.70000075,2570.6354217916664,24,5.84557134909709
2022-09-10,404.3179167916667,3006.5124919166665,24,6.002201491251429
2022-09-11,391.4891694166667,2911.1720936666666,24,5.969957850722949
2022-09-12,406.6566657916667,3023.959177666667,24,6.007969256441223
2022-09-13,370.439167625,2754.57498675,24,5.914689241309478
2022-09-14,426.7020835416667,3173.042093875,24,6.056086073101336
2022-09-15,355.7920823333333,2645.7087402083334,24,5.874346521845663
2022-09-16,201.19666658333333,1496.1100170833333,24,5.304282870411069
2022-09-17,68.7666665,511.3658285833333,24,4.230719128985442
2022-09-18,78.44124966666666,583.317086625,24,4.362349932698776
2022-09-19,261.6837489583333,1945.9762420416666,24,5.567136709626792
2022-09-20,363.42499925,2702.8200277083333,24,5.895572946248689
2022-09-21,379.94041833333335,2825.445027708333,24,5.94001444656734
2022-09-22,387.890417625,2884.3674927083334,24,5.960722870931202
2022-09-23,368.33166762499997,2738.9175109583334,24,5.90898380298845
2022-09-24,351.114583375,2610.898346,24,5.861112618555016
2022-09-25,276.50416808333335,2056.080012125,24,5.622225895291207
2022-09-26,245.92499958333335,1828.69417075,24,5.505026609704538
2022-09-27,310.208332,2306.7029215,24,5.737244110471977
2022-09-28,386.19916725,2871.866246583333,24,5.956353213725906
2022-09-29,405.640000625,3016.5545857916663,24,6.005466068284571
2022-09-30,314.104582375,2335.7229157083334,24,5.749725995342991
2022-10-01,82.83500041666666,615.9574997083333,24,4.416850682420581
2022-10-02,114.781667625,853.5304259999999,24,4.743031781456011
2022-10-03,209.3491655,1556.7471059583333,24,5.344003506309608
2022-10-04,217.66791716666668,1618.6124903749999,24,5.38297058561479
2022-10-05,48.90500075,363.66458137499995,24,3.8898796560783113
2022-10-06,21.401666458333334,159.19083195833335,24,3.063468790880683
2022-10-07,27.27958329166667,202.9170825,24,3.3061385576264337
2022-10-08,48.338333500000005,359.52083270833333,24,3.878224900125842
2022-10-09,118.19833366666667,879.1508292083334,24,4.772364007297894
2022-10-10,151.50249904166665,1126.8641611666667,24,5.02060212013791
2022-10-11,241.35166616666666,1795.149154625,24,5.486255065611434
2022-10-12,281.61374920833333,2094.880009916667,24,5.640536448405654
2022-10-13,257.45583475,1915.332072,24,5.550848189859339
2022-10-14,260.6458339166667,1938.7045949583335,24,5.56316252764754
2022-10-15,155.78250120833334,1158.647499125,24,5.048460811392777
2022-10-16,93.58791766666667,696.055000875,24,4.538901290393557
2022-10-17,150.135417625,1116.6254170833333,24,5.0115376709983925
2022-10-18,167.03416695833334,1242.3199995833334,24,5.118198384055421
2022-10-19,168.45374870833334,1253.1220830416667,24,5.126661223735743
2022-10-20,138.44166754166667,1029.8395895,24,4.930449063924784
2022-10-21,163.450002,1215.8054147916666,24,5.0965071454063775
2022-10-22,139.867084125,1040.3733342916667,24,4.940692572537376
2022-10-23,95.75041741666666,712.2516681666666,24,4.561744987494247
2022-10-24,80.056250625,595.5079180416667,24,4.38272952040432
2022-10-25,103.23833325,767.91332875,24,4.637040230299323
2022-10-26,121.07916604166667,900.701672875,24,4.796444596465994
2022-10-27,123.87541679166667,921.459999,24,4.819276357259359
2022-10-28,104.44999966666667,777.0258330833334,24,4.648708484811255
2022-10-29,100.55625020833332,748.3491693750001,24,4.610717274489017
2022-10-30,116.54480044,867.52399664,25,4.758275752217197
2022-10-31,145.22249954166668,1080.9924978333333,24,4.978267045907449
2022-11-01,68.74291691666666,511.72458458333335,24,4.230373704572402
2022-11-02,69.86666741666666,520.1150024166667,24,4.24658867451351
2022-11-03,84.93249958333332,632.1729165,24,4.4418568184589535
2022-11-04,103.680833625,771.6891644583334,24,4.641317272936225
2022-11-05,86.446666375,643.3708381666667,24,4.459527650078679
2022-11-06,35.437916625,263.7166652916667,24,3.567782338032619
2022-11-07,53.440417249999996,397.68458375,24,3.9785673370197654
2022-11-08,52.942916625,393.8716715416667,24,3.9692142883112354
2022-11-09,79.55375049999999,591.71083575,24,4.376432900121212
2022-11-10,66.34000020833334,493.42125508333334,24,4.194793036659294
2022-11-11,1.9829166666666664,14.749583291666667,24,0.6845688247850733
2022-11-12,141.230416375,1050.535005,24,4.950392715281682
2022-11-13,144.619999875,1075.770423875,24,4.974109611882471
2022-11-14,148.78499995833332,1106.751255,24,5.002502310586021
2022-11-15,76.412916375,568.3766715416667,24,4.336151744383021
2022-11-16,26.662083374999998,198.32749883333335,24,3.28324245779634
2022-11-17,46.945417041666666,349.18958358333333,24,3.8489855872937304
2022-11-18,109.939999875,817.7170765833333,24,4.6999347612955304
2022-11-19,191.78125120833332,1426.4625142916666,24,5.256355405889951
2022-11-20,209.75208404166668,1560.1316578333333,24,5.345926281134268
2022-11-21,253.81916620833331,1887.9016620833333,24,5.536622069404332
2022-11-22,170.39958191666668,1267.2879231666666,24,5.138146160851517
2022-11-23,149.799999875,1114.1075032083334,24,5.009301070248673
2022-11-24,237.008748,1762.5108311249999,24,5.468097051846327
2022-11-25,256.95833262499997,1910.88960775,24,5.54891394188694
2022-11-26,238.75916658333335,1775.4745737916667,24,5.475455372690124
2022-11-27,140.98166729166667,1048.3829040416667,24,4.9486298627169
2022-11-28,189.90875020833334,1412.2179234583334,24,5.246543694736321
2022-11-29,360.292084375,2679.262084958333,24,5.8869150479734405
2022-11-30,393.7020823333333,2927.718358458333,24,5.975594487072949
2022-12-01,394.35499966666663,2932.509989458333,24,5.977251518010536
2022-12-02,333.23583354166664,2478.1516723333334,24,5.808850448152741
2022-12-03,262.0241667083333,1948.647105,24,5.5684367388520934
2022-12-04,263.6658325833333,1960.7720947916666,24,5.574682515693782
2022-12-05,307.19208404166665,2284.4587301666666,24,5.727473232847981
2022-12-06,386.444169375,2873.839162166667,24,5.956987405782184
2022-12-07,324.8254191666667,2415.9154052500003,24,5.7832878662064084
2022-12-08,387.46916575,2881.9641570833332,24,5.959636273369297
2022-12-09,410.60375225,3053.9562378333335,24,6.017628642998996
2022-12-10,354.6425005833333,2637.636667875,24,5.871110241459011
2022-12-11,326.765415125,2430.3341878333335,24,5.789242528514709
2022-12-12,433.9333305416667,3227.400858541667,24,6.072890906036777
2022-12-13,444.36125187500005,3305.0246073333333,24,6.096637861963582
2022-12-14,443.72375091666663,3300.60414125,24,6.095202186176176
2022-12-15,396.96249908333334,2952.9916534583335,24,5.983841815478222
2022-12-16,410.6020812916667,3054.202514666667,24,6.017624573475217
2022-12-17,242.63749829166667,1804.7204181666666,24,5.491568552956529
2022-12-18,189.7595825,1411.3170981249998,24,5.245757915659386
2022-12-19,191.92750108333334,1427.4408390833332,24,5.2571177021952025
2022-12-20,185.82166537499998,1382.1487452916665,24,5.224787425475233
2022-12-21,214.562083,1596.0458322916666,24,5.368599127726363
2022-12-22,192.03124991666667,1428.4058456250002,24,5.257658118766451
2022-12-23,185.87249970833332,1382.3629199999998,24,5.225060953221567
2022-12-24,113.14499995833334,841.3566646666667,24,4.728670181605445
2022-12-25,106.01124920833333,788.3391648333333,24,4.663545213088168
2022-12-26,40.98416679166667,304.77375291666664,24,3.713185816306218
2022-12-27,91.73416683333333,682.1687515,24,4.518894903468986
2022-12-28,57.874167166666666,430.36207891666663,24,4.058271122094075
2022-12-29,13.605833458333334,101.174165625,24,2.6104986315373084
2022-12-30,14.625416625,108.75625041666666,24,2.6827608798916556
2022-12-31,18.235833291666665,135.615,24,2.9033885205933894
2023-01-01,16.535000125,122.96166670833333,24,2.8054793539934777
2023-01-02,124.13000041666668,923.0874938333333,24,4.821329406884552
2023-01-03,145.954582875,1085.4516678333332,24,4.983295497115469
2023-01-04,58.94166633333333,438.3374997083333,24,4.076548248598635
2023-01-05,107.460416625,799.2066719999999,24,4.677122562317169
2023-01-06,116.84875033333333,869.0041681666667,24,4.760880366304943
2023-01-07,88.80875020833334,660.4637488750001,24,4.486485183525669
2023-01-08,68.941666875,512.72458675,24,4.2332607394300155
2023-01-09,129.19666654166667,960.8458353333334,24,4.861335790254563
2023-01-10,123.04541625,915.0883356666667,24,4.812553525025793
2023-01-11,83.00499933333333,617.3274989583334,24,4.418900838914395
2023-01-12,74.63749979166667,555.08541875,24,4.312643059081842
2023-01-13,66.69916670833334,496.1158327083333,24,4.200192459715103
2023-01-14,34.535833333333336,256.8925009583333,24,3.5419974323593606
2023-01-15,11.066666750000001,82.32499870833333,24,2.4039375947844537
2023-01-16,128.74874945833332,957.7641677916666,24,4.857862826551691
2023-01-17,125.60916720833335,934.394167625,24,4.833175238698148
2023-01-18,132.949583375,988.8804118333334,24,4.88996998398724
2023-01-19,145.60583333333332,1083.1729175833334,24,4.980903199062605
2023-01-20,180.65958341666666,1344.0366617500001,24,5.196614505822143
2023-01-21,144.39166733333334,1074.1687521666665,24,4.972529519345873
2023-01-22,149.34416762499998,1111.0370865416667,24,5.006253492175443
2023-01-23,202.46458366666664,1506.2233428333332,24,5.310564975777346
2023-01-24,198.13124979166665,1473.9975001250002,24,5.2889296888238215
2023-01-25,134.80333545833335,1002.8762487083333,24,4.903816941928267
2023-01-26,147.99083320833333,1100.700004625,24,4.99715033406436
2023-01-27,166.68999991666666,1239.8129196666666,24,5.1161357994550665
2023-01-28,117.75750070833334,875.820414125,24,4.768627431150836
2023-01-29,95.52624958333332,710.5199953333334,24,4.559401074465236
2023-01-30,71.86541687500001,534.5316643333333,24,4.274795159793439
2023-01-31,96.45208354166665,717.4037475,24,4.569046341416667
2023-02-01,92.662916625,689.268336,24,4.528968356128133
2023-02-02,136.1466655,1012.7783304999999,24,4.9137327274500375
2023-02-03,101.91250012500001,758.1520817916667,24,4.624114603215571
2023-02-04,143.95249975,1071.6200103333333,24,4.969483382312062
2023-02-05,112.68916733333333,838.93875625,24,4.724633296934681
2023-02-06,172.65833283333333,1285.3920795000001,24,5.151314686982544
2023-02-07,170.52666637500002,1269.1808319583333,24,5.1388916855205995
2023-02-08,133.42750008333334,992.8012516250001,24,4.8935582597872616
2023-02-09,87.84666666666668,653.8062489166667,24,4.475592870448996
2023-02-10,93.38583429166665,694.9279187916667,24,4.5367396666194
2023-02-11,85.98999975,640.0850017083334,24,4.4542310075154905
2023-02-12,122.04499879166667,909.0995865416667,24,4.804389819282208
2023-02-13,150.31333291666667,1119.666252125,24,5.012722001518269
2023-02-14,154.49291708333334,1150.8054123333334,24,5.040148251166107
2023-02-15,139.09375070833332,1036.4316685416668,24,4.935148171308616
2023-02-16,130.23291616666668,970.4637476666667,24,4.869324510162804
2023-02-17,75.33124941666667,561.2037468333333,24,4.32189504761094
2023-02-18,86.22041691666668,642.0024986666666,24,4.456907004805635
2023-02-19,99.13416645833333,738.2095820416666,24,4.596474149408038
2023-02-20,58.797500291666665,437.8399982916667,24,4.074099341954433
2023-02-21,111.52958425000001,830.5629222083334,24,4.714289885302914
2023-02-22,148.18416595833335,1103.3941650833333,24,4.998455864767518
2023-02-23,125.73416554166666,936.165835125,24,4.834169880905449
2023-02-24,93.24416704166667,693.964174875,24,4.5352215047354845
2023-02-25,79.87374920833334,594.53958125,24,4.380447253211501
2023-02-26,109.457498875,814.7345771666666,24,4.6955363357836015
2023-02-27,145.69250016666666,1084.4454219166666,24,4.981498237385339
2023-02-28,147.23583379166666,1095.7629190833334,24,4.992035612753712
2023-03-01,142.197917625,1058.3233387083335,24,4.957219873274575
2023-03-02,142.53958383333332,1060.86041525,24,4.959619742421177
2023-03-03,118.49208225,881.6804148333334,24,4.774846141887171
2023-03-04,105.27749975,783.4629133333333,24,4.656599718719777
2023-03-05,120.21250045833334,894.7454198333334,24,4.789261013851293
2023-03-06,150.23083341666668,1118.1733347916668,24,5.012173000663728
2023-03-07,101.502499875,755.441663125,24,4.620083427488891
2023-03-08,138.85458395833334,1033.3070856666666,24,4.933427226951715
2023-03-09,127.199166,946.4745915833333,24,4.845754094280753
2023-03-10,115.61374912500001,860.2629165,24,4.750254886233299
2023-03-11,92.03041666666667,684.9054196249999,24,4.522119138349662
2023-03-12,92.829584125,691.0341644583333,24,4.530765383438432
2023-03-13,36.84791625,274.29957958333335,24,3.606799070225117
2023-03-14,62.49874954166666,465.2345805416667,24,4.135146549208873
2023-03-15,108.22124991666668,805.6520869583334,24,4.68417774192304
2023-03-16,100.52500095833334,748.3562545833333,24,4.610406462316622
2023-03-17,85.56666729166666,637.1695836666667,24,4.4492958065132315
2023-03-18,109.33749891666668,814.0258305000001,24,4.694439418837814
2023-03-19,111.99208349999999,833.7562458333333,24,4.7184281857612165
2023-03-20,122.69541737499999,913.4387587916667,24,4.809705002812395
2023-03-21,108.85541666666667,810.3495839166667,24,4.690020549112777
2023-03-22,71.12958308333333,529.6412509166666,24,4.264503327394538
2023-03-23,66.472916375,495.01958916666666,24,4.196794592147425
2023-03-24,50.9470835,379.44291391666667,24,3.930787515635821
2023-03-25,18.056249958333336,134.547082875,24,2.893491882924805
2023-03-26,69.93260773913043,521.1256541739131,23,4.24753203172735
2023-03-27,89.52416645833334,667.1191634583333,24,4.494508605127198
2023-03-28,112.78999954166666,840.4158274583333,24,4.725527678588226
2023-03-29,116.06041683333332,864.7058310833332,24,4.754110890289128
2023-03-30,81.198750375,604.9587526666667,24,4.39689985757877
2023-03-31,96.72999958333332,720.4291686666667,24,4.571923587886933
2023-04-01,55.765833166666674,415.36041516666666,24,4.02116137300855
2023-04-02,67.33083329166666,501.57333604166666,24,4.209618278712101
2023-04-03,114.79791766666666,855.1729126250001,24,4.743173344928854
2023-04-04,132.06958420833334,983.9416630000001,24,4.883328936783424
2023-04-05,140.91250104166667,1049.90249375,24,4.948139137762944
2023-04-06,119.40708320833333,889.4841638333334,24,4.782538522551817
2023-04-07,107.882917125,803.75166825,24,4.681046538367567
2023-04-08,114.94625033333334,856.3745854166667,24,4.744464630697446
2023-04-09,105.047500125,782.6275024166666,24,4.654412630006428
2023-04-10,40.07416670833333,298.56250120833334,24,3.6907319049752116
2023-04-11,59.98541745833333,446.90499758333334,24,4.094101490321409
2023-04-12,99.32291666666667,740.0029245833333,24,4.598376326566683
2023-04-13,94.567915875,704.5733331666667,24,4.549318262876155
2023-04-14,128.79583491666668,959.5725021666667,24,4.8582284755438625
2023-04-15,105.839166375,788.571668,24,4.661920643500172
2023-04-16,110.09958387500001,820.2520829166666,24,4.701385264202872
2023-04-17,123.96541629166667,923.5529174583334,24,4.820002625831299
2023-04-18,103.05458320833333,767.8566640416667,24,4.635258781925657
2023-04-19,83.61666662500001,623.0237534583333,24,4.426242861763846
2023-04-20,87.54916654166668,652.3645795,24,4.472200538888337
2023-04-21,89.11041708333333,664.064582375,24,4.48987624215832
2023-04-22,80.473332875,599.7058339583333,24,4.3879258609094025
2023-04-23,85.78999941666666,639.2349974583334,24,4.451902442785324
2023-04-24,103.22250116666667,769.1279145,24,4.636886863842106
2023-04-25,73.62624970833333,548.7191692499999,24,4.299001615794871
2023-04-26,81.34083266666667,606.2729149583333,24,4.398648137292513
2023-04-27,107.70625025,802.7629190833333,24,4.679407616368878
2023-04-28,105.99166641666666,789.9483337083334,24,4.663360472310762
2023-04-29,97.54999954166668,727.0804175416666,24,4.580365062370675
2023-04-30,68.286666,508.9412520833334,24,4.223714520577514
2023-05-01,87.03333379166666,648.6595822083333,24,4.466291192303155
2023-05-02,105.84875004166668,788.8916701666667,24,4.662011188740878
2023-05-03,107.14750033333333,798.6245829166666,24,4.674206392980491
2023-05-04,97.10458295833332,723.4208348333333,24,4.575788572518523
2023-05-05,60.859166875,453.424999625,24,4.108562455170395
2023-05-06,79.40791658333333,591.6058310833333,24,4.3745980683626335
2023-05-07,65.85625083333333,490.645418,24,4.187474349019523
2023-05-08,87.40583325,651.1954155833333,24,4.470562022425189
2023-05-09,83.3875,620.9150022916666,24,4.423498418035634
2023-05-10,89.78874916666666,668.4787521666666,24,4.49745967978268
2023-05-11,116.13541737499999,864.879163125,24,4.754756901398937
2023-05-12,98.52833375,733.8204179583335,24,4.590344159098321
2023-05-13,76.70125058333333,571.32708425,24,4.339918013107736
2023-05-14,71.94208366666668,535.7766695833333,24,4.275861401799472
2023-05-15,113.49166625,845.2116724166667,24,4.7317294091155695
2023-05-16,56.219999875000006,418.67125229166663,24,4.0292725632549775
2023-05-17,47.02958304166666,350.2391668333333,24,3.8507768301227725
2023-05-18,86.435832875,643.7745811666667,24,4.459402322181857
2023-05-19,87.28458358333334,650.0954132083333,24,4.4691738559952805
2023-05-20,46.80916666666667,348.62333712500003,24,3.8460790526896527
2023-05-21,28.008750333333335,208.61791737500002,24,3.3325169732582918
2023-05-22,86.732916375,646.0145771666666,24,4.462833470039016
2023-05-23,58.196666791666665,433.4154195833333,24,4.063828081476463
2023-05-24,92.28875029166666,687.3312505416667,24,4.524922252083481
2023-05-25,50.707917458333334,377.66458170833334,24,3.9260820612912424
2023-05-26,59.24999995833334,441.41500395833333,24,4.081765779312006
2023-05-27,62.67166670833333,466.83542170833334,24,4.137909458877891
2023-05-28,26.099999208333333,194.41333820833333,24,3.261935283996591
2023-05-29,20.67916725,154.03457999999998,24,3.029126780454194
2023-05-30,87.54624954166667,652.1116650833334,24,4.472167219912141
2023-05-31,56.339582625,419.623334875,24,4.031397354273821
2023-06-01,65.83999991666667,490.3295788333333,24,4.18722755510312
2023-06-02,81.01666679166667,603.4433327083333,24,4.394654896366247
2023-06-03,56.367083208333334,419.8854104166667,24,4.031885357067193
2023-06-04,49.67291720833333,369.9741655,24,3.9054598591911382
2023-06-05,90.52875033333333,674.2770792499999,24,4.505667483496496
2023-06-06,97.41125045833333,725.5700009166667,24,4.578941711763742
2023-06-07,100.930833875,751.895429,24,4.614435469130837
2023-06-08,84.51791679166666,629.6487515,24,4.436963544924776
2023-06-09,86.541249875,644.7312481666667,24,4.460621177435684
2023-06-10,50.13375033333333,373.54041904166667,24,3.9146944406321857
2023-06-11,36.75083308333333,273.88499879166665,24,3.60416089433615
2023-06-12,94.17916600000001,701.870836875,24,4.545198989392891
2023-06-13,90.02708283333334,670.8995844583334,24,4.500110545433182
2023-06-14,102.93958354166666,767.17042025,24,4.634142248574951
2023-06-15,120.30833408333332,896.6758320833333,24,4.79005789808175
2023-06-16,127.52000012500001,950.312502625,24,4.848273216022143
2023-06-17,104.53833254166666,778.9504191249999,24,4.64955382272392
2023-06-18,93.02500049999999,693.1016610416667,24,4.532868279607586
2023-06-19,116.939167125,871.27875525,24,4.761653860479986
2023-06-20,121.14750029166667,902.523755375,24,4.797008813881419
2023-06-21,122.59041716666667,913.2362517083334,24,4.808848857043169
2023-06-22,125.49583216666667,934.8183237500001,24,4.832272548193023
2023-06-23,104.56083324999999,778.8887481666667,24,4.649769038392859
2023-06-24,81.817083625,609.4149956666666,24,4.404486068074748
2023-06-25,75.48374991666667,562.1291741666666,24,4.323917400197224
2023-06-26,86.56833320833334,644.675415125,24,4.460934081355523
2023-06-27,75.56708350000001,562.6275030416667,24,4.325020784930733
2023-06-28,112.29708320833333,836.3679096249999,24,4.7211478881954525
2023-06-29,118.08083225,879.3112461666666,24,4.771369409014993
2023-06-30,102.06625008333333,760.1562526666667,24,4.625622113064454
2023-07-01,55.96249970833333,416.74458591666667,24,4.02468181835526
2023-07-02,-61.407084375000004,-457.29458266666666,24,
2023-07-03,28.988749708333334,215.8779175,24,3.3669078136259074
2023-07-04,64.55666716666667,480.7729139583333,24,4.167543398816664
2023-07-05,62.787499958333335,467.60166499999997,24,4.139756008412549
2023-07-06,80.62791841666667,600.4970817916667,24,4.389844971876847
2023-07-07,98.63833295833332,734.687913375,24,4.591459958453072
2023-07-08,82.1379165,612.0258341666666,24,4.408399742976615
2023-07-09,89.29666679166667,665.29291925,24,4.491964161224643
2023-07-10,111.88041712500001,833.5495808750001,24,4.7174305966518
2023-07-11,101.30083333333334,754.8070767916666,24,4.618094637611061
2023-07-12,77.40333404166667,576.8475005833333,24,4.34902985514169
2023-07-13,83.03749979166666,618.8404172916667,24,4.419292310482453
2023-07-14,95.75333329166666,713.5579172500001,24,4.561775439900421
2023-07-15,30.896250041666665,230.16291587499998,24,3.430634818664372
2023-07-16,3.978750375,29.639582,24,1.3809677938648681
2023-07-17,24.44416633333333,182.09041645833335,24,3.1963915916786934
2023-07-18,72.40666645833333,539.421247625,24,4.282298373306513
2023-07-19,97.054584125,723.103323625,24,4.575273543172346
2023-07-20,62.847500375,468.268340375,24,4.14071116296453
2023-07-21,95.115833625,708.6775029166666,24,4.555095450172172
2023-07-22,75.941249875,565.8220837916666,24,4.329960013385621
2023-07-23,30.765833333333333,229.26666645833333,24,3.42640476688341
2023-07-24,60.12625020833334,448.05916345833333,24,4.096446521695538
2023-07-25,57.018750041666664,424.8487504166667,24,4.043380161842401
2023-07-26,60.51333354166667,450.878751125,24,4.102863729873139
2023-07-27,90.51083370833334,674.451669,24,4.505469553025618
2023-07-28,95.81291545833334,714.0187505416667,24,4.562397492782667
2023-07-29,76.67541670833333,571.4787476666667,24,4.339581144720902
2023-07-30,36.47708320833333,271.86958150000004,24,3.5966842060975712
2023-07-31,67.60041629166666,503.83791541666665,24,4.213614141190707
2023-08-01,77.48000091666667,577.4725036250001,24,4.350019850369805
2023-08-02,67.39249979166667,502.2483335,24,4.210533732670897
2023-08-03,37.047500291666665,276.081252,24,3.612200880954972
2023-08-04,57.78500016666666,430.5729127916666,24,4.056729229311659
2023-08-05,90.04000041666666,670.946662875,24,4.500254020666104
2023-08-06,57.62791612499999,429.42208475,24,4.054007105242486
2023-08-07,8.649999875,64.45625020833333,24,2.157559306492921
2023-08-08,-6.068333333333334,-45.21541679166666,24,
2023-08-09,10.61083325,79.06750141666667,24,2.3618754839437353
2023-08-10,56.082500333333336,417.9008324166667,24,4.026823826848948
2023-08-11,100.44416595833333,748.4566638749999,24,4.609602010513397
2023-08-12,80.12708375,597.0487517083333,24,4.383613921142928
2023-08-13,65.0654165,484.8295870416667,24,4.175393171499249
2023-08-14,103.37166658333332,770.2645848333333,24,4.6383309069553444
2023-08-15,91.29291629166666,680.3175010833334,24,4.514073197424033
2023-08-16,107.56958391666666,801.5641605833333,24,4.678137930412511
2023-08-17,111.3624995,829.8945821249999,24,4.7127906415569205
2023-08-18,99.45541729166666,741.1545791666667,24,4.59970947633191
2023-08-19,51.56833341666667,384.25458625000005,24,3.9429077906251453
2023-08-20,90.12208283333332,671.5783233333333,24,4.5011652270738605
2023-08-21,117.77291554166668,877.6287447083333,24,4.7687583257809285
2023-08-22,122.39958287500001,912.1383412083333,24,4.807290962188432
2023-08-23,146.552499125,1092.1679204583334,24,4.987383720065065
2023-08-24,146.94583341666666,1095.1595738333333,24,4.990064038714511
2023-08-25,116.26083220833334,866.6916655833334,24,4.755836220413191
2023-08-26,95.5441675,712.1887536666667,24,4.559588627483571
2023-08-27,101.89916741666667,759.4470875833334,24,4.623983769603216
2023-08-28,118.45041695833334,882.8024902083333,24,4.774494450719606
2023-08-29,122.90375008333332,916.060829125,24,4.811401529396406
2023-08-30,114.92749920833334,856.5779190416666,24,4.744301487884672
2023-08-31,104.29666679166667,777.364997875,24,4.647239403602167
2023-09-01,108.40291641666666,807.7791620833333,24,4.685854992856426
2023-09-02,90.18124987499999,672.0725009166666,24,4.501821532677331
2023-09-03,74.60000008333334,555.9166655416667,24,4.3121405083267845
2023-09-04,108.34958329166666,807.418759625,24,4.685362882028195
2023-09-05,103.24958354166667,769.50416825,24,4.637149198338253
2023-09-06,105.59916708333333,787.1287485416666,24,4.65965048377262
2023-09-07,100.42749975,748.8933334583334,24,4.609436071645784
2023-09-08,108.092917125,806.2941690416666,24,4.682991200990672
2023-09-09,91.15208354166667,679.8666617083333,24,4.51252935924704
2023-09-10,85.29791670833333,636.0108355416667,24,4.446150031084886
2023-09-11,150.62000025,1123.0749970416666,24,5.014760110333012
2023-09-12,131.45416608333332,980.3408304999999,24,4.878658243966429
2023-09-13,104.73041725,781.2491735416667,24,4.651389593831353
2023-09-14,120.46541624999999,898.8195852083333,24,4.791362709663043
2023-09-15,108.18583295833332,807.1054178750001,24,4.683850423998146
2023-09-16,95.20041633333334,709.8958345000001,24,4.5559843150370565
2023-09-17,73.154583125,545.5762484583333,24,4.292574779297041
2023-09-18,23.320416708333337,173.91999945833334,24,3.1493292304621487
2023-09-19,-1.11125,-8.285000125,24,
2023-09-20,-0.8125,-6.057916666666667,24,
2023-09-21,46.82333404166667,348.9945910833333,24,3.846381669302494
2023-09-22,103.423332625,771.0574952083333,24,4.638830590631831
2023-09-23,92.25458329166668,687.8700021666667,24,4.524551965064959
2023-09-24,60.765416458333334,453.08958229166666,24,4.107020818888241
2023-09-25,55.93249945833333,417.05291841666667,24,4.024145596880802
2023-09-26,127.65249933333332,951.9120915833333,24,4.849311723075395
2023-09-27,124.192498875,926.1962534166668,24,4.821832772144094
2023-09-28,58.499166,436.22875008333335,24,4.0690124977259305
2023-09-29,66.01458304166667,492.177911875,24,4.189875672796194
2023-09-30,26.065000041666668,194.37250016666667,24,3.260593419818637
2023-10-01,73.67125008333333,549.5079117083334,24,4.299612629239955
2023-10-02,118.15041704166667,881.2729187083333,24,4.771958533391111
2023-10-03,17.569583541666667,131.04833425,24,2.8661691991102733
2023-10-04,1.6220833333333333,12.09875,24,0.48371133127441873
2023-10-05,45.65083295833333,340.5149960833333,24,3.821021853497365
2023-10-06,10.412083291666667,77.64999929166667,24,2.342966986684136
2023-10-07,25.255833624999998,188.35374795833332,24,3.2290571636904386
2023-10-08,84.6354165,631.1720847916666,24,4.438352813760871
2023-10-09,116.010417,865.1512475833333,24,4.753679988798569
2023-10-10,79.63750020833334,593.8745821250001,24,4.377485090058627
2023-10-11,5.834166666666666,43.50333358333333,24,1.7637314392011056
2023-10-12,57.860000041666666,431.44916400000005,24,4.058026300268118
2023-10-13,42.70166691666666,318.405417375,24,3.7542379573336673
2023-10-14,-0.2508333333333333,-1.8708332083333332,24,
2023-10-15,10.244166625,76.40583458333333,24,2.326708433823894
2023-10-16,94.55583366666667,705.2445920833334,24,4.549190492478423
2023-10-17,121.22750004166666,904.2304165416667,24,4.797668945931302
2023-10-18,75.58833345833334,563.9691710000001,24,4.325301951942818
2023-10-19,20.634583458333335,153.95875104166666,24,3.026968476828441
2023-10-20,17.665417083333335,131.83041529166667,24,2.8716088912503723
2023-10-21,42.979166875000004,320.71541658333336,24,3.7607155070106706
2023-10-22,44.26416708333334,330.32791645833333,24,3.790175480288968
2023-10-23,118.91166616666668,887.3975017500001,24,4.77838091634919
2023-10-24,74.53208316666667,556.28208025,24,4.311229679216348
2023-10-25,86.93916775000001,648.9274979583333,24,4.4652086528210155
2023-10-26,86.98083304166666,649.1708348333333,24,4.465687784516899
2023-10-27,114.98333329166667,858.1654230833333,24,4.744787189961636
2023-10-28,76.30499975,569.5537465416667,24,4.334738463666513
2023-10-29,23.0340002,171.9092022,25,3.1369713939295325
2023-10-30,67.53625045833333,504.04416241666667,24,4.212664497549218
2023-10-31,104.67374933333333,781.25416825,24,4.650848363740523
2023-11-01,61.138333625,456.39541495833333,24,4.113139061020932
2023-11-02,51.101249875,381.424168625,24,3.933808956303879
2023-11-03,45.814166416666666,341.93500274999997,24,3.8245933537011063
2023-11-04,24.815833333333334,185.195001125,24,3.2114818903144884
2023-11-05,39.181666125,292.37500308333335,24,3.6682089364973827
2023-11-06,76.9458335,574.17292,24,4.343101713269907
2023-11-07,96.51583412500001,719.8708343333333,24,4.569707079081492
2023-11-08,76.27541691666666,568.8566690833333,24,4.334350696555237
2023-11-09,95.33166766666666,711.0029182083334,24,4.557362049971133
2023-11-10,87.39666658333333,651.8079147083333,24,4.470457142155355
2023-11-11,96.79333391666667,721.80042,24,4.572578127414018
2023-11-12,97.99208295833334,730.9024938333333,24,4.584886689267741
2023-11-13,88.64250058333333,661.1645812083333,24,4.484611433153109
2023-11-14,69.61416625,519.2891692916667,24,4.242968084704023
2023-11-15,102.39958254166667,763.8416620833333,24,4.628882635855561
2023-11-16,117.49124995833334,876.3616712500001,24,4.766363862371586
2023-11-17,121.34083395833333,905.0545806666668,24,4.798603395395868
2023-11-18,91.29708383333333,680.9854100833334,24,4.514118846601585
2023-11-19,49.59000025,369.71208208333337,24,3.9037892055423815
2023-11-20,106.04749975,790.6224963333334,24,4.663887104589441
2023-11-21,123.29083283333334,919.2687479166667,24,4.814546058933754
2023-11-22,75.7341665,564.663752375,24,4.327229399438795
2023-11-23,39.09166654166667,291.404169125,24,3.6659093123488
2023-11-24,57.639582875,429.7308325833333,24,4.054209534377169
2023-11-25,94.56958300000001,705.1199925833333,24,4.549335891585533
2023-11-26,116.29916670833335,867.10750075,24,4.75616589448032
2023-11-27,111.58041695833333,831.9258397499999,24,4.71474555926587
2023-11-28,121.94124891666667,909.0583381666667,24,4.803539362486156
2023-11-29,140.02791629166668,1043.994583125,24,4.941841804814684
2023-11-30,168.73750020833333,1258.1037470416666,24,5.128344254169605
2023-12-01,156.37749987499998,1165.7300007916667,24,5.0522729550701655
2023-12-02,116.404999375,867.8137512083334,24,4.757075484332059
2023-12-03,104.718333625,780.7120818333333,24,4.65127420880315
2023-12-04,111.75791645833333,833.1941579166668,24,4.716335071775043
2023-12-05,114.39249991666667,852.8745880416667,24,4.739635516627538
2023-12-06,129.540416625,965.7937469166667,24,4.863992929937649
2023-12-07,116.60208316666666,869.3075002916667,24,4.758767139680183
2023-12-08,103.44749991666667,771.1837489166666,24,4.639064236830086
2023-12-09,78.13708333333334,582.5266660833333,24,4.358464762763576
2023-12-10,55.87249966666667,416.5591642916667,24,4.023072303237477
2023-12-11,84.32750008333333,628.70624675,24,4.434708028694795
2023-12-12,106.0425005,790.652081875,24,4.663839961867059
2023-12-13,93.02000016666666,693.6441700833334,24,4.53281452558768
2023-12-14,107.12374975,798.7320886666666,24,4.67398470590468
2023-12-15,89.15375004166667,664.681668625,24,4.4903624078290285
2023-12-16,57.36333291666667,427.654583,24,4.049405299845069
2023-12-17,40.280416708333334,300.2837518333333,24,3.6958654130881436
2023-12-18,59.40958370833334,442.88958241666666,24,4.08445555524553
2023-12-19,64.73208366666667,482.5470815833333,24,4.170256962162403
2023-12-20,58.34791658333333,435.07541725000004,24,4.066423652582397
2023-12-21,26.925833541666666,200.76499954166664,24,3.2930861804710347
2023-12-22,22.661666791666665,168.97083270833335,24,3.1206748094554624
2023-12-23,34.61250016666667,258.059582875,24,3.5442148933122963
2023-12-24,13.270833041666668,98.94416625000001,24,2.5855686226862504
2023-12-25,10.551250041666668,78.66791720833332,24,2.356244340264772
2023-12-26,30.2795835,225.75833145833334,24,3.410473673520883
2023-12-27,60.799166250000006,453.30374908333334,24,4.107576075884676
2023-12-28,18.830000083333335,140.36750033333334,24,2.9354513470946233
2023-12-29,14.246249874999998,106.19416720833334,24,2.656493705413569
2023-12-30,42.64749954166667,317.829165375,24,3.7529686448255224
2023-12-31,32.08166641666667,239.161667,24,3.4682847273058766
2024-01-01,32.93583341666667,245.52916754166668,24,3.49456122666597
2024-01-02,53.58916670833333,399.49374375,24,3.9813469339985423
2024-01-03,45.965000124999996,342.67458029166664,24,3.8278802400351783
2024-01-04,85.40999979166666,636.971248,24,4.447463187518841
2024-01-05,91.37041691666667,681.5195796666667,24,4.5149217599493
2024-01-06,88.781666625,662.1933263333334,24,4.486180171757284
2024-01-07,87.03666633333334,649.184160875,24,4.466329481975869
2024-01-08,102.677083375,765.8412450000001,24,4.631588950603406
2024-01-09,109.39458333333334,816.1329192500001,24,4.694961376269714
2024-01-10,111.62541641666667,832.4749934583333,24,4.7151487696861585
2024-01-11,109.64791675,817.7479172500001,24,4.697274475595405
2024-01-12,105.060000375,783.4416707916666,24,4.654531619095205
2024-01-13,70.30375029166667,524.2429122916667,24,4.252825144359107
2024-01-14,75.82416629166666,565.4483427083334,24,4.328417058349894
2024-01-15,86.91208354166668,648.134577375,24,4.464897073717026
2024-01-16,103.02291587500001,768.3658321666667,24,4.634951447706992
2024-01-17,97.52250004166666,727.2849973333333,24,4.580083121038699
2024-01-18,92.404583625,689.1783344583333,24,4.5261765837484536
2024-01-19,77.694583375,579.4062550833333,24,4.3527855429101425
2024-01-20,73.21541695833334,546.0054169583333,24,4.293406012976094
2024-01-21,49.961666625,372.6304145,24,3.9112560438883213
2024-01-22,47.98624995833333,357.897497875,24,3.8709145106692278
2024-01-23,48.024166791666666,358.16208575,24,3.871704359033355
2024-01-24,33.41999979166667,249.21666591666667,24,3.5091545169334557
2024-01-25,76.26791666666666,568.7008348749999,24,4.334252360563361
2024-01-26,55.79500008333333,415.9754193333333,24,4.021684261131227
2024-01-27,57.477916916666665,428.5133324583333,24,4.051400820412636
2024-01-28,54.91375025,409.366247875,24,4.005763777082774
2024-01-29,77.71458333333334,579.339585625,24,4.353042927450159
2024-01-30,66.49375041666667,495.65166604166666,24,4.197107964548792
2024-01-31,47.71416645833333,355.6608327916667,24,3.865228344542016
2024-02-01,50.67875016666667,377.78208420833334,24,3.925506693875495
2024-02-02,52.718333083333334,392.9733327916667,24,3.964963271396457
2024-02-03,35.06666691666667,261.38166725,24,3.5572510187647772
2024-02-04,15.484999791666667,115.434998875,24,2.739871799971286
2024-02-05,42.121250249999996,313.99958399999997,24,3.740552369873675
2024-02-06,48.754583458333336,363.4845858333333,24,3.886799212682405
2024-02-07,79.4725,592.9116669166666,24,4.375411049869262
2024-02-08,88.432083125,659.6845830833333,24,4.482234835078253
2024-02-09,63.127083416666665,470.6654154166667,24,4.145149891671346
2024-02-10,66.55333308333333,496.0779190416667,24,4.198003627483783
2024-02-11,61.497083,458.469999875,24,4.118989742793283
2024-02-12,74.73541729166666,557.1620826666666,24,4.313954106839861
2024-02-13,71.57791616666667,533.6125043333333,24,4.270786592964785
2024-02-14,68.16416720833332,508.1566682083333,24,4.221919019272085
2024-02-15,70.26625041666667,523.742916,24,4.252291604120071
2024-02-16,55.03375020833334,410.249585375,24,4.0079466371838555
2024-02-17,65.323749875,486.98791508333335,24,4.17935567421629
2024-02-18,53.184583374999995,396.47916154166666,24,3.9737685681672583
2024-02-19,63.650416125,474.4999999583333,24,4.153405862688251
2024-02-20,59.951249708333336,446.90541716666667,24,4.09353172710001
2024-02-21,50.99208316666667,380.1125017916667,24,3.931670388648444
2024-02-22,49.207916833333336,366.7920820833333,24,3.896054521800049
2024-02-23,37.25625004166667,277.70291729166667,24,3.61781971710448
2024-02-24,57.189166375000006,426.28124879166666,24,4.046364481409028
2024-02-25,61.09375012500001,455.4224980833333,24,4.112409571665776
2024-02-26,66.268333,493.99666591666664,24,4.193712151113464
2024-02-27,73.83624904166666,550.4029134166666,24,4.301849790443676
2024-02-28,68.53208395833333,510.887504625,24,4.227302014566767
2024-02-29,50.21416666666667,374.2879155416667,24,3.9162971914007514
2024-03-01,64.40208324999999,480.0483285,24,4.165145981189587
2024-03-02,63.973750375,476.8612493333333,24,4.15847284883437
2024-03-03,59.68249983333334,444.87916825,24,4.089038842306015
2024-03-04,69.58541629166668,518.697085125,24,4.2425550093453595
2024-03-05,64.84416658333333,483.32458491666665,24,4.171986954262106
2024-03-06,82.83499970833333,617.4504165833333,24,4.416850673869445
2024-03-07,76.32416566666667,568.8958334166667,24,4.334989607236814
2024-03-08,66.61833379166667,496.6129150833333,24,4.19897982182032
2024-03-09,43.204583541666665,322.0841663333333,24,3.7659465901233475
2024-03-10,34.01916679166667,253.59625154166667,24,3.526924094947232
2024-03-11,60.385416666666664,450.142913875,24,4.100747629871897
2024-03-12,86.44499970833333,644.4454169166667,24,4.459508370182725
2024-03-13,63.946666416666666,476.8570837083333,24,4.1580493987015865
2024-03-14,54.24124991666667,404.4745852916667,24,3.9934416875529593
2024-03-15,49.55583333333333,369.51083370833334,24,3.9030999800493005
2024-03-16,43.29166645833334,322.82291595833334,24,3.767960155938962
2024-03-17,59.209584,441.5587525833333,24,4.081083420678774
2024-03-18,68.185832875,508.5004157916667,24,4.222236814165165
2024-03-19,72.72416641666666,542.3174998333333,24,4.28667374218655
2024-03-20,91.342916375,681.1479238333333,24,4.514620736029711
2024-03-21,79.41625025,592.2166633749999,24,4.374703010410692
2024-03-22,49.613332750000005,370.00500045833337,24,3.90425960305272
2024-03-23,31.22708308333333,232.89041704166667,24,3.441285765822788
2024-03-24,44.75958345833333,333.8325008333333,24,3.8013055772863322
2024-03-25,84.55708320833334,630.6570853750001,24,4.437426847215088
2024-03-26,62.298333125,464.6495857083333,24,4.131934669817492
2024-03-27,70.04124970833332,522.4204150833333,24,4.249084350038786
2024-03-28,52.03583295833334,388.129584,24,3.9519325766168056
2024-03-29,37.762499874999996,281.6587480416667,24,3.631316543402628
2024-03-30,52.08166716666667,388.4620834583333,24,3.9528130090366975
2024-03-31,59.72695643478261,445.48435047826086,23,4.08978345005975
2024-04-01,47.864583458333335,357.00708074999994,24,3.8683758459334854
2024-04-02,46.553749708333335,347.230416125,24,3.840607552752457
2024-04-03,81.182500125,605.4387499583333,24,4.396699708238816
2024-04-04,61.92041716666666,461.8137512083333,24,4.125849966446546
2024-04-05,49.19333333333333,366.91833570833336,24,3.8957581129621106
2024-04-06,33.25374983333334,248.03499979166668,24,3.504167537685378
2024-04-07,10.649583291666668,79.43166525,24,2.365520763846896
2024-04-08,65.24000033333333,486.59916312499996,24,4.178072782862153
2024-04-09,52.648333625,392.680418375,24,3.9636345880316277
2024-04-10,39.168333875,292.146667875,24,3.6678686110314307
2024-04-11,38.33000029166667,285.909164375,24,3.6462328870018212
2024-04-12,36.980833125,275.8716660416667,24,3.6103997547749707
2024-04-13,12.617916583333333,94.13333233333333,24,2.5351177550005755
2024-04-14,15.629584041666666,116.60874883333334,24,2.749165531262026
2024-04-15,66.88833275,499.0412538333333,24,4.203024553569266
2024-04-16,55.31124941666667,412.6383323333334,24,4.012976313096356
2024-04-17,102.00874966666667,761.0412495416667,24,4.625058590651039
2024-04-18,95.82208345833334,714.93042,24,4.56249317467855
2024-04-19,58.555417291666664,436.90041725,24,4.0699736099594706
2024-04-20,58.23875066666667,434.59291774999997,24,4.0645509521931436
2024-04-21,55.15083341666667,411.47916595833334,24,4.010071857401588
2024-04-22,97.98083370833332,731.0304234166666,24,4.584771885138642
2024-04-23,97.75833320833334,729.3958359583334,24,4.582498445445011
2024-04-24,93.99874975,701.266672625,24,4.543281481649636
2024-04-25,90.62708245833333,675.848330125,24,4.506753091761404
2024-04-26,86.00999933333333,641.5112457500001,24,4.454463560812352
2024-04-27,67.77458345833334,505.42042075,24,4.2161872494172385
2024-04-28,24.774166249999997,184.7720822916667,24,3.2098014267738977
2024-04-29,77.92333304166667,581.172500625,24,4.355725433594841
2024-04-30,54.888333499999995,409.35208416666666,24,4.005300821379459
2024-05-01,22.903750083333335,170.824582375,24,3.1313006562506622
2024-05-02,22.54624975,168.15958375,24,3.1155687439139537
2024-05-03,49.49249979166667,369.17999720833336,24,3.9018211387341575
2024-05-04,75.14708316666666,560.51041575,24,4.319447301961578
2024-05-05,54.6199995,407.39499804166667,24,4.000400106891403
2024-05-06,92.58458329166666,690.560831625,24,4.528122640660583
2024-05-07,88.85791708333333,662.7600008333333,24,4.487038656802391
2024-05-08,89.78666691666666,669.7495828333333,24,4.497436488969087
2024-05-09,58.84250025,438.94833479166664,24,4.074864387182604
2024-05-10,70.552499375,526.327084875,24,4.256357104673428
2024-05-11,51.138749375,381.5308370833333,24,3.9345425146363646
2024-05-12,22.170833416666667,165.39833529166665,24,3.09877761501307
2024-05-13,29.534166208333332,220.329166375,24,3.385547769730381
2024-05-14,18.481249958333333,137.88958254166667,24,2.916756702364113
2024-05-15,25.541666666666668,190.564167625,24,3.240311105588266
2024-05-16,18.362500083333334,137.01375045833333,24,2.91031054603823
2024-05-17,22.291666791666668,166.32541620833334,24,3.1042129221555377
2024-05-18,44.60875008333333,332.841251375,24,3.7979300299925036
2024-05-19,52.50541658333333,391.7616677916667,24,3.9609163372914815
2024-05-20,63.60041629166667,474.545414875,24,4.152620015791112
2024-05-21,53.899165958333334,402.160416875,24,3.987115003923863
2024-05-22,47.02333345833333,350.867915,24,3.850643935076556
2024-05-23,90.03375008333335,671.7954128333333,24,4.500184600960917
2024-05-24,101.07500004166667,754.2400029583333,24,4.61586281593907
2024-05-25,71.94125025,536.7437539166666,24,4.275849817182352
2024-05-26,59.201250249999994,441.681670375,24,4.0809426607547925
2024-05-27,94.713750375,706.6304104999999,24,4.550859188965254
2024-05-28,87.02958308333332,649.3862533333333,24,4.4662480962962485
2024-05-29,67.24333320833334,501.7241686666667,24,4.208317879119229
2024-05-30,91.49333291666666,682.6137542499999,24,4.516266105328018
2024-05-31,76.799582625,572.870835625,24,4.341199205568547
2024-06-01,54.53166670833334,406.74208558333333,24,3.9987815734503926
2024-06-02,17.061666458333335,127.26333225,24,2.836834219493016
2024-06-03,90.54458316666667,675.3770840833333,24,4.505842361078608
2024-06-04,88.79458379166665,662.3108367916667,24,4.486325654800868
2024-06-05,55.40916620833334,413.30708275,24,4.014745035091133
2024-06-06,78.72583345833333,587.223746625,24,4.3659713538898695
2024-06-07,77.66416604166666,579.303749125,24,4.352393967490848
2024-06-08,23.240000041666665,173.39291754166666,24,3.145874933776596
2024-06-09,9.051666416666668,67.52541670833334,24,2.2029488751994757
2024-06-10,52.08250020833333,388.5350005416667,24,3.952829003820464
2024-06-11,58.96666675,439.85666349999997,24,4.076972313910858
2024-06-12,79.17208354166667,590.4879175416667,24,4.3716237561500035
2024-06-13,86.8141665,647.5075085833333,24,4.463769816874588
2024-06-14,71.83458375,535.8166605,24,4.274366027916765
2024-06-15,19.043750041666666,142.08791775,24,2.9467389659398266
2024-06-16,26.932916958333333,200.926667125,24,3.2933492172716194
2024-06-17,90.45708391666666,674.834166125,24,4.504875527366788
2024-06-18,94.72500004166666,706.6924985833333,24,4.550977957344534
2024-06-19,61.65833329166667,459.9816665416667,24,4.121608391467738
2024-06-20,92.35041637500001,688.8658397083333,24,4.525590215297782
2024-06-21,96.88916620833334,722.6195755,24,4.573567708810637
2024-06-22,52.21291670833333,389.4087480416667,24,3.955329910798548
2024-06-23,50.306250166666665,375.2462525833333,24,3.918129327172948
2024-06-24,92.08541629166666,686.8866679166667,24,4.5227165842700074
2024-06-25,75.78416679166666,565.3029173333333,24,4.327889389453143
2024-06-26,59.29166704166667,442.2666664166666,24,4.082468774066573
2024-06-27,85.85833304166665,640.448746375,24,4.452698647765953
2024-06-28,57.23374966666666,426.87332937499997,24,4.047143753524529
2024-06-29,70.01583345833333,522.1595827083333,24,4.248721408733651
2024-06-30,43.852916875000005,327.0599989583333,24,3.7808412359901404
2024-07-01,84.83749933333333,632.7275015833333,24,4.440737654171716
2024-07-02,48.57291658333333,362.28083354166665,24,3.883066103624851
2024-07-03,65.97374970833333,492.07374704166665,24,4.189256931218278
2024-07-04,17.204166583333333,128.318333625,24,2.845151597700311
2024-07-05,19.762916541666666,147.40333387500002,24,2.983807279690653
2024-07-06,15.630833041666667,116.58958379166666,24,2.749245440624549
2024-07-07,21.437499916666667,159.8824985,24,3.0651417210388896
2024-07-08,87.83833337499999,655.104166625,24,4.475498004163645
2024-07-09,71.843333375,535.8624962499999,24,4.274487822903578
2024-07-10,64.17791645833334,478.7458349583333,24,4.161659171121295
2024-07-11,91.13666666666667,679.9462457916667,24,4.512360211397607
2024-07-12,88.83500099999999,662.7733331666667,24,4.486780727744693
2024-07-13,28.391250208333332,211.832916375,24,3.3460810064414304
2024-07-14,36.713333125,273.93500216666666,24,3.6031399894916296
2024-07-15,66.98791666666666,499.8266682916667,24,4.204512254867557
2024-07-16,51.86041624999999,386.9616679583333,24,3.948555806495584
2024-07-17,73.87208366666667,551.1758403333333,24,4.302334998353697
2024-07-18,74.77166675,557.749999375,24,4.314439026457898
2024-07-19,84.97333375000001,633.9424959583333,24,4.442337486681483
2024-07-20,62.37041658333333,465.3512470416667,24,4.133091069741849
2024-07-21,51.72458354166667,385.95125229166666,24,3.9459331722056064
2024-07-22,80.53124883333334,600.8962453333334,24,4.388645293365509
2024-07-23,78.21749970833334,583.6575011250001,24,4.359493403952422
2024-07-24,51.41333316666667,383.59249754166666,24,3.9398975389524247
2024-07-25,77.141250375,575.6250021666666,24,4.345638161813869
2024-07-26,89.00624975,664.2037531249999,24,4.488706589176809
2024-07-27,80.3295835,599.4808362499999,24,4.386137965309837
2024-07-28,40.06416704166667,298.98708704166665,24,3.6904823448396153
2024-07-29,62.975000375,469.9645819583333,24,4.142737828193418
2024-07-30,76.76999970833333,572.904994125,24,4.34081393504058
2024-07-31,77.576667375,578.8350019583334,24,4.351266703819216
2024-08-01,92.82541616666667,692.6745859583334,24,4.530720483399893
2024-08-02,93.507084125,697.7100067083334,24,4.53803719946732
2024-08-03,74.57458366666667,556.490411625,24,4.3117997476385534
2024-08-04,55.80291620833333,416.38958475,24,4.021826129819753
2024-08-05,90.15583308333333,672.724582625,24,4.501539651752809
2024-08-06,86.98000020833332,648.9129142083333,24,4.465678209564679
2024-08-07,92.90958304166666,693.3562533333334,24,4.531626794877213
2024-08-08,93.13166641666668,695.0366694583332,24,4.534014259819918
2024-08-09,20.27458341666667,151.29583375,24,3.0093680531401654
2024-08-10,7.446250166666666,55.565416375000005,24,2.007710572343391
2024-08-11,37.864999625,282.573746125,24,3.634027192662181
2024-08-12,92.05833420833333,687.0008401250001,24,4.522422443595072
2024-08-13,91.191250125,680.534165625,24,4.512958950865753
2024-08-14,107.80541629166667,804.4620819583333,24,4.680327901105726
2024-08-15,84.35208391666667,629.4695781666667,24,4.434999514278579
2024-08-16,105.86625008333334,790.0104178333332,24,4.662176505716021
2024-08-17,93.21124933333334,695.488749125,24,4.534868415409196
2024-08-18,85.78624958333334,640.0825017083333,24,4.4518587323841965
2024-08-19,108.16708345833332,807.0749994583333,24,4.683677100704359
2024-08-20,70.78708329166666,528.2116655,24,4.259676544672346
2024-08-21,38.37624975,286.386252,24,3.6474387721523196
2024-08-22,24.32208304166667,181.48250033333332,24,3.1913847048144164
2024-08-23,13.797916833333332,102.96166625000001,24,2.624517626662161
2024-08-24,48.37708354166667,360.959582375,24,3.8790262210512014
2024-08-25,19.495833083333334,145.46666770833335,24,2.970200754700972
2024-08-26,52.379999749999996,390.82791475,24,3.958524834306752
2024-08-27,89.032083875,664.2812541666666,24,4.488996797747686
2024-08-28,95.283749125,710.8874989166667,24,4.556859272772074
2024-08-29,111.08666612500001,828.6412569583334,24,4.710310672566295
2024-08-30,105.75958291666666,788.8241578333333,24,4.661168432418091
2024-08-31,78.95874954166668,588.9412490416667,24,4.3689255583947935
2024-09-01,62.88375054166667,469.056250625,24,4.14128779236107
2024-09-02,113.91458254166666,849.7004215416667,24,4.735448891596681
2024-09-03,132.6487493333333,989.389579875,24,4.887704652219161
2024-09-04,124.72291595833333,930.3829192500001,24,4.8260946045141635
2024-09-05,46.88624945833333,349.7891686666667,24,3.847724443942399
2024-09-06,36.713749666666665,273.9204185,24,3.6031513352145113
2024-09-07,78.65541758333333,586.924582,24,4.365076509310446
2024-09-08,68.97666658333334,514.7099938333333,24,4.23376828194749
2024-09-09,93.31250020833333,696.3074962916667,24,4.53595407753205
2024-09-10,16.993333,126.79999970833335,24,2.832821090664324
2024-09-11,62.003749875000004,462.67250279166666,24,4.127194865070977
2024-09-12,112.04625095833335,836.1016717916667,24,4.71891174103777
2024-09-13,81.0937505,605.1270853333333,24,4.395605898965965
2024-09-14,53.85999966666666,401.94124850000003,24,3.986388081194568
2024-09-15,62.2170835,464.2879155,24,4.130629616375371
2024-09-16,97.34958304166666,726.4599887916667,24,4.578308448723948
2024-09-17,88.89416675,663.3212458333334,24,4.4874465245065265
2024-09-18,78.11499987500001,582.910832375,24,4.358182098263661
2024-09-19,78.34000041666667,584.5254187083333,24,4.3610583335563815
2024-09-20,73.34041633333334,547.0937531666667,24,4.2951118393837255
2024-09-21,70.312500875,524.497917,24,4.252949604843184
2024-09-22,76.35249966666667,569.5245825833333,24,4.335360770705225
2024-09-23,121.36250058333333,905.2616705416667,24,4.7987819395028
2024-09-24,91.77250054166666,684.4966647083334,24,4.51931269438023
2024-09-25,56.04374966666666,417.922083875,24,4.026132629770486
2024-09-26,54.062083124999994,403.15750145833334,24,3.990133073679709
2024-09-27,17.707916708333332,132.054166125,24,2.874011811240882
2024-09-28,16.8416665,125.58000020833333,24,2.823855964725484
2024-09-29,57.09125,425.676251875,24,4.044650864989579
2024-09-30,26.89291670833333,200.51541416666666,24,3.291862932540342
2024-10-01,32.152500124999996,239.7258329166667,24,3.4704902120458274
2024-10-02,80.28041758333333,598.6833342916667,24,4.385525725500725
2024-10-03,72.6558335,541.955005,24,4.2857336827321815
2024-10-04,96.12958308333333,717.055832,24,4.565697105059408
2024-10-05,84.43500075,629.715833,24,4.435982016466672
2024-10-06,52.78041695833334,393.440001875,24,3.9661402309745033
2024-10-07,70.09875075000001,522.5358352916667,24,4.249904972911707
2024-10-08,87.08500004166666,649.36416875,24,4.466884653662208
2024-10-09,83.051249625,619.3749998750001,24,4.4194578826047435
2024-10-10,42.30833295833333,315.5629157916667,24,3.744984063301846
2024-10-11,62.676666833333336,467.47625216666665,24,4.137989238558424
2024-10-12,48.22166604166667,359.79791637500006,24,3.875808422999515
2024-10-13,14.855416666666665,110.837083875,24,2.698364557438519
2024-10-14,104.67291629166665,780.9770889166666,24,4.6508404052505785
2024-10-15,94.99708370833334,708.789998375,24,4.553846193322336
2024-10-16,24.277083083333334,181.127916625,24,3.1895328223735495
2024-10-17,60.32374995833334,450.0666723333333,24,4.099725889511619
2024-10-18,102.27375020833334,763.0233281666666,24,4.627653043827167
2024-10-19,85.51625095833333,637.7533365833334,24,4.448706427569869
2024-10-20,28.68458354166667,213.94375108333335,24,3.356359819617143
2024-10-21,56.26083345833333,419.61999891666665,24,4.029998617355344
2024-10-22,90.66374975000001,676.2041682916666,24,4.507157605235362
2024-10-23,106.74208349999999,796.03082775,24,4.6704154901082156
2024-10-24,99.21541691666665,739.9495773333333,24,4.597293414681959
2024-10-25,112.71583395833333,840.8691735833332,24,4.724869907701715
2024-10-26,101.71874970833333,758.8991623333333,24,4.62221164897556
2024-10-27,88.87080115999998,663.12519644,25,4.487183642675429
2024-10-28,109.78583304166666,819.1858418333333,24,4.69853149562954
2024-10-29,141.044582875,1051.9525070833333,24,4.949076031003291
2024-10-30,98.80083337500001,736.8837522499999,24,4.593106039687884
2024-10-31,44.9020835,335.01250066666665,24,3.8044841967896574
2024-11-01,7.420833333333333,55.35624983333333,24,2.00429135994767
2024-11-02,104.79833429166666,781.4112510416667,24,4.6520378775971425
2024-11-03,70.117917375,522.9000034166667,24,4.250178358742017
2024-11-04,123.99791716666668,924.703330875,24,4.820264768420954
2024-11-05,157.13541479166665,1171.8429260416667,24,5.057107948192942
2024-11-06,167.09083279166666,1246.2550074583335,24,5.1185375734840415
2024-11-07,146.690417,1093.8354225416667,24,4.988324359225197
2024-11-08,86.04791670833333,641.6554095833334,24,4.454904312118495
2024-11-09,114.47416616666668,853.6550038333334,24,4.740349174539052
2024-11-10,114.16916595833334,851.3695882083333,24,4.737681260400392
2024-11-11,121.76541670833335,908.0162505,24,4.802096379887447
2024-11-12,166.020417125,1238.056666,24,5.112110775522227
2024-11-13,138.06166612500002,1029.8187472083334,24,4.927700441325066
2024-11-14,106.27249929166668,792.7795854583334,24,4.666006543426173
2024-11-15,90.61749937500001,675.8716672083333,24,4.506647344232343
2024-11-16,23.75125,177.15583345833332,24,3.1676351606746045
2024-11-17,27.82041666666667,207.49958358333333,24,3.325770163617743
2024-11-18,91.11708345833334,679.5979155833334,24,4.5121453109262015
2024-11-19,124.00708266666668,925.0279057500001,24,4.82033868225342
2024-11-20,114.75166608333335,856.0075022916667,24,4.742770368079986
2024-11-21,123.31791750000001,919.8408330416668,24,4.814765715914611
2024-11-22,111.30083375,830.1479135416666,24,4.712236749268715
2024-11-23,66.222916375,493.8883342916667,24,4.193026571847011
2024-11-24,4.307083333333334,32.12124991666666,24,1.4602609542324478
2024-11-25,29.99874966666667,223.72499887499998,24,3.401155703015835
2024-11-26,37.178750208333334,277.2929152916667,24,3.615737367105757
2024-11-27,116.005000125,865.2358372916666,24,4.753633294703254
2024-11-28,93.277500125,695.6987572500001,24,4.535578922553956
2024-11-29,124.10791779166668,925.6025009583333,24,4.821151491880933
2024-11-30,75.293333,561.5374997916666,24,4.321391591709397
2024-12-01,85.711666375,639.3233312083333,24,4.450988946735565
2024-12-02,77.37875008333333,577.168747,24,4.34871219617387
2024-12-03,132.34500062499998,987.0237502916666,24,4.885412154064683
2024-12-04,177.8237504583333,1326.4125009583333,24,5.180792893789511
2024-12-05,76.03749979166666,567.0808270416667,24,4.331226636906948
2024-12-06,86.34166725,643.9379226666666,24,4.458312300225811
2024-12-07,60.42291641666666,450.65541575,24,4.101368443854629
2024-12-08,62.631249499999996,467.089169875,24,4.137264346841267
2024-12-09,77.34750091666668,576.8379205833334,24,4.348308267727474
2024-12-10,148.92708208333332,1110.6608277083333,24,5.003456804167959
2024-12-11,255.5408324583333,1905.8424783333332,24,5.5433822108018145
2024-12-12,395.338747625,2948.2858276666666,24,5.979742986305896
2024-12-13,178.46625008333334,1331.0308456666667,24,5.184399508179333
2024-12-14,58.69374979166667,437.699581625,24,4.072333244021289
2024-12-15,32.254583000000004,240.55750175,24,3.473660141672453
2024-12-16,20.548333458333335,153.25041541666667,24,3.022779840735625
2024-12-17,63.46458341666667,473.38499837499995,24,4.150482008833198
2024-12-18,25.912916749999997,193.27958312500002,24,3.2547415606041072
2024-12-19,25.225416749999997,188.19791691666668,24,3.2278520874114234
2024-12-20,32.271666958333334,240.79624795833334,24,3.4741896613251075
2024-12-21,21.625000166666666,161.34749995833332,24,3.0738500605250723
2024-12-22,23.44708341666667,174.89749941666665,24,3.1547461126013396
2024-12-23,59.09874966666666,440.8304169583333,24,4.079209767955882
2024-12-24,102.345416,763.3770854166665,24,4.628353523610415
2024-12-25,95.84791708333334,715.1420770416667,24,4.5627627382522284
2024-12-26,112.89208375,842.3116684583333,24,4.726432351336784
2024-12-27,121.70624958333333,908.0766677500001,24,4.801610351044207
2024-12-28,122.29666716666667,912.4137496666667,24,4.806449791027172
2024-12-29,50.27999975,375.0641684166667,24,3.917607378749891
2024-12-30,29.80833325,222.35541795833333,24,3.3947879936813328
2024-12-31,34.928750125,260.55875254166665,24,3.553310275899696
2025-01-01,6.095416666666666,45.459167,24,1.807537122642049
2025-01-02,82.76083345833334,617.233334625,24,4.415954923613647
2025-01-03,64.33124954166666,479.815830875,24,4.164045509168149
2025-01-04,120.79333366666667,901.1241631666667,24,4.794081099099386
2025-01-05,71.87291666666667,536.063752625,24,4.274899513190181
2025-01-06,24.583333666666665,183.35458291666666,24,3.2020687201111415
2025-01-07,27.12250004166667,202.31416645833335,24,3.3003636432507086
2025-01-08,75.45000008333334,562.820417375,24,4.3234701863183425
2025-01-09,121.96999995833333,909.9970831249999,24,4.803775112513533
2025-01-10,111.42374954166667,831.3554255416666,24,4.713340496347989
2025-01-11,98.65416616666666,736.0458374166666,24,4.591620463372799
2025-01-12,110.06541650000001,821.134999625,24,4.7010748844856955
2025-01-13,72.85458366666667,543.5262444583333,24,4.28846544990233
2025-01-14,55.82249995833333,416.48707958333335,24,4.022177013173625
2025-01-15,199.64916458333335,1489.65624,24,5.296561649094432
2025-01-16,97.814583625,729.8187536666666,24,4.583073682744005
2025-01-17,95.85000004166666,715.160832875,24,4.562784469926361
2025-01-18,132.64625070833333,989.662918,24,4.887685815641015
2025-01-19,128.72416625,960.39792125,24,4.857671868925407
2025-01-20,231.39458466666667,1726.4108250833333,24,5.444124412008062
2025-01-21,161.2658335,1203.2024969166666,24,5.083054143103401
2025-01-22,154.27624954166666,1151.1545944166667,24,5.038744823617964
2025-01-23,96.186666625,717.7049928749999,24,4.566290747493988
2025-01-24,34.931666875,260.61000091666665,24,3.553393778121038
2025-01-25,78.732917,587.465832375,24,4.366061327189554
2025-01-26,97.77541683333334,729.62916375,24,4.582673183821786
2025-01-27,38.99083304166667,290.96125033333334,24,3.6633265682873404
2025-01-28,86.58249983333333,646.1125017083333,24,4.4610977147008875
2025-01-29,105.534583375,787.6004180833334,24,4.6590387037023335
2025-01-30,119.49791741666667,891.7916744583332,24,4.7832989437441125
2025-01-31,133.29166608333333,994.6124954166667,24,4.892539705225205
2025-02-01,132.44166670833332,988.254720625,24,4.8861422972293775
2025-02-02,135.16499908333333,1008.5741902083333,24,4.906496247573275
2025-02-03,150.20583316666668,1120.805885875,24,5.012006574572386
2025-02-04,101.94375070833333,760.602324,24,4.62442119752848
2025-02-05,91.14416683333333,679.908141375,24,4.5124425038309575
2025-02-06,138.08124920833333,1030.030886625,24,4.9278422742838615
2025-02-07,101.58333333333333,757.8116666666666,24,4.620879479693271
2025-02-08,78.776666625,587.6739329166667,24,4.366616844195164
2025-02-09,108.20749941666666,807.22794575,24,4.684050674700586
2025-02-10,81.10625045833334,604.9228582916667,24,4.395760029154427
2025-02-11,75.18166745833334,560.71991225,24,4.3199074174369345
2025-02-12,129.83333375,968.3359530833333,24,4.866251579851936
2025-02-13,159.20749883333335,1187.4650509166665,24,5.070208375525416
2025-02-14,178.89625054166666,1334.3871327499999,24,5.186806031891838
2025-02-15,132.49416608333334,988.2739848333334,24,4.886538614897199
2025-02-16,132.65041516666668,989.43944675,24,4.887717210369026
2025-02-17,152.90333295833332,1140.6129928333332,24,5.029805910986079
2025-02-18,132.27041729166666,986.4992263333334,24,4.884848442880387
2025-02-19,107.97249958333333,805.3452799583333,24,4.681876561211954
2025-02-20,66.08083295833333,492.89693308333335,24,4.190878734434931
2025-02-21,68.757917,512.8515512499999,24,4.230591886280332
2025-02-22,64.69416670833333,482.5408507083334,24,4.169671038374791
2025-02-23,74.238749,553.7319810833334,24,4.30728623758166
2025-02-24,48.39583375,361.0474385416667,24,3.879413730472075
2025-02-25,134.10125033333333,1000.328276875,24,4.898595114131812
2025-02-26,134.29291691666666,1001.6102915833334,24,4.90002336138382
2025-02-27,125.28291725000001,934.4101099583332,24,4.830574517811101
2025-02-28,123.83333391666667,923.5861542916667,24,4.8189365802003366
2025-03-01,120.57749995833335,899.3031679583333,24,4.792292699377529
2025-03-02,77.65541666666667,579.1773940416666,24,4.35228130462044
2025-03-03,55.0670835,410.7068287916666,24,4.008552142002709
2025-03-04,42.560416624999995,317.4538915416667,24,3.7509246341067164
2025-03-05,24.374999916666667,181.810687,24,3.1935580134651076
2025-03-06,71.03166675,529.84651175,24,4.263125788171549
2025-03-07,96.08500045833334,716.6884098333334,24,4.565233221154473
2025-03-08,90.14750045833334,672.4011910833334,24,4.501447222790546
2025-03-09,76.28708350000001,569.0177272083333,24,4.334503638245682
2025-03-10,108.80749954166667,811.5298547083333,24,4.689580261657213
2025-03-11,120.76833233333333,900.7747603333333,24,4.793874101575014
2025-03-12,122.39833391666667,912.9814124583332,24,4.807280758193645
2025-03-13,125.14083312499999,933.6131855,24,4.829439768091607
2025-03-14,120.78416633333335,901.0619592500001,24,4.794005203510287
2025-03-15,92.73541695833335,691.8154841249999,24,4.529750459565933
2025-03-16,62.82666708333333,468.69321908333336,24,4.140379618427115
2025-03-17,97.14333312500001,724.7572654166667,24,4.576187548919012
2025-03-18,86.51374945833334,645.37526825,24,4.46030335458163
2025-03-19,100.49833370833333,749.6371707083334,24,4.610141147345097
2025-03-20,103.72625091666667,773.7355960833333,24,4.641755226080332
2025-03-21,67.10125041666667,500.548487625,24,4.206202678925713
2025-03-22,12.442916708333334,92.81918145833333,24,2.5211515219137675
2025-03-23,49.54499991666666,369.5858814166666,24,3.90288134582889
2025-03-24,128.13250070833334,955.7531359999999,24,4.853064890292971
2025-03-25,96.26166704166667,718.10241,24,4.567070181839142
2025-03-26,99.58416712500001,742.9476787916666,24,4.601003187345906
2025-03-27,91.17916729166666,680.2421775833333,24,4.512826442167005
2025-03-28,74.07416625,552.7117989166667,24,4.305066837911979
2025-03-29,80.87333345833333,603.4444649166667,24,4.3928841462202906
2025-03-30,11.33695647826087,84.59183447826086,23,2.4280678741166413
2025-03-31,104.402499875,778.97837225,24,4.6482536203246925
2025-04-01,94.21916729166666,703.0257386666667,24,4.545623635318031
2025-04-02,63.649999375,474.8990102916667,24,4.153399315184091
2025-04-03,76.88541729166667,573.665164,24,4.342316226431196
2025-04-04,83.25166704166666,621.2072890833333,24,4.421868153184589
2025-04-05,55.56666641666666,414.62735150000003,24,4.0175834965895385
2025-04-06,51.23291629166667,382.2897747916666,24,3.936382221797767
2025-04-07,94.96541670833334,708.8028772083334,24,4.55351279067472
2025-04-08,98.74625070833333,737.121012125,24,4.592553435549899
2025-04-09,91.15833283333335,680.861588,24,4.5125979158527825
2025-04-10,61.01625016666667,455.50461229166666,24,4.111140224871014
2025-04-11,36.14916633333333,269.94389962500003,24,3.587653887020277
2025-04-12,64.63541579166666,482.66496745833336,24,4.168762492633402
2025-04-13,39.194999958333334,292.68866220833337,24,3.668549186577625
2025-04-14,96.41083279166666,719.947893875,24,4.568618568660625
2025-04-15,39.13541658333333,292.1106629583333,24,3.667027851976774
2025-04-16,79.98375004166667,597.25465825,24,4.3818234895621435
2025-04-17,95.75958220833333,715.0559523333333,24,4.561840698336413
2025-04-18,80.12708325,598.3249560833333,24,4.38361391490284
2025-04-19,64.93999995833333,484.91996775,24,4.173463766033082
2025-04-20,70.84541654166667,529.0168944583334,24,4.260500271618732
2025-04-21,82.0037495,612.33839825,24,4.4067649718286255
2025-04-22,112.42125033333333,839.2920865833333,24,4.72225297949512
2025-04-23,109.412499375,816.85183775,24,4.6951251373462295
2025-04-24,96.79625004166667,722.632404625,24,4.572608254293167
2025-04-25,88.52583329166667,660.8984610833334,24,4.483294411019654
2025-04-26,58.41958379166667,436.13724475000004,24,4.067651172519062
2025-04-27,46.075833458333335,343.98374225,24,3.8302885925584946
2025-04-28,75.58958279166667,564.23088175,24,4.325318479930032
2025-04-29,72.59125008333334,541.7920541249999,24,4.284844392299222
2025-04-30,75.10458295833332,560.5505654166667,24,4.318881581652939
2025-05-01,60.74208325,453.354612625,24,4.106636756856249
2025-05-02,58.96708404166666,440.00648441666664,24,4.076979390624078
2025-05-03,52.862500000000004,394.4546887083333,24,3.967694202798607
2025-05-04,33.52749983333333,250.17885104166666,24,3.5123659926319144
2025-05-05,82.57708366666667,616.20671375,24,4.413732204584488
2025-05-06,90.14750008333334,672.6175424583333,24,4.501447218630697
2025-05-07,98.929999,738.1661875,24,4.594412519226974
2025-05-08,103.17708275,769.7319904166667,24,4.636446762011105
2025-05-09,80.87416666666667,603.3536330000001,24,4.392894448800951
2025-05-10,67.930833875,506.791193,24,4.218490038632063
2025-05-11,56.97000004166667,425.01898829166663,24,4.042524814223683
2025-05-12,75.93500004166667,566.4219457916666,24,4.329877711730949
2025-05-13,78.91375008333334,588.6571187916667,24,4.368355484953772
2025-05-14,70.756249875,527.7850190416667,24,4.259240870077654
2025-05-15,64.31000008333334,479.75903166666666,24,4.163715141442578
2025-05-16,72.3100005,539.44706575,24,4.2809624391015335
2025-05-17,59.79249983333333,446.06400725000003,24,4.090880232243465
2025-05-18,62.92041783333334,469.3989010416667,24,4.141870718875805
2025-05-19,91.890833375,685.579129625,24,4.520601278739271
2025-05-20,83.308334,621.4385174583333,24,4.422548592187535
2025-05-21,36.349166625,271.135703625,24,3.5931712773068107
2025-05-22,29.3783335,219.16824354166667,24,3.380257446876922
2025-05-23,76.16375066666667,568.1358817500001,24,4.332885636469386
2025-05-24,57.7883335,431.066294875,24,4.056786912744827
2025-05-25,13.469166708333333,100.471902125,24,2.600403125727202
2025-05-26,47.84625004166667,356.88996370833337,24,3.8679927457927707
2025-05-27,37.2425005,277.79553549999997,24,3.617450595697133
2025-05-28,83.65833291666667,623.990773625,24,4.426741038928905
2025-05-29,53.444166458333335,398.62934879166664,24,3.9786374913526883
2025-05-30,39.506250083333335,294.669218125,24,3.6764588893478427
2025-05-31,69.54666670833333,518.7346776666667,24,4.241997990669296
2025-06-01,36.12541625,269.45225475,24,3.5869966688575623
2025-06-02,77.63875079166667,579.2316640416667,24,4.352066668419522
2025-06-03,57.84583375,431.5761964166666,24,4.057781432895865
2025-06-04,73.41333387499999,547.6561293333333,24,4.296105579544556
2025-06-05,74.51750054166666,555.8931022916667,24,4.311034004398831
2025-06-06,50.310000083333335,375.2874455833333,24,3.918203866159624
2025-06-07,59.73249991666666,445.5745830833334,24,4.08987625948744
2025-06-08,32.526666625,242.63266962499998,24,3.482060264438581
2025-06-09,34.830833041666665,259.820599,24,3.550503001452407
2025-06-10,61.362083750000004,457.73659995833333,24,4.11679211590221
2025-06-11,70.83375008333333,528.3560252083333,24,4.260335583208466
2025-06-12,62.7775,468.28876125000005,24,4.1395967290216715
2025-06-13,51.03458333333333,380.64654329166666,24,3.9325035074904657
2025-06-14,44.86416595833333,334.62386829166667,24,3.803639390547877
2025-06-15,61.95458308333334,462.0944533333333,24,4.126401585699245
2025-06-16,73.36249954166666,547.144857875,24,4.295412899636938
2025-06-17,74.19541625000001,553.3865120833333,24,4.306702372658674
2025-06-18,70.50500033333334,525.8615449583334,24,4.25568363401699
2025-06-19,59.403750583333334,443.1103966666667,24,4.08435736550884
2025-06-20,86.55000079166666,645.637040875,24,4.460722290769147
2025-06-21,72.84083345833334,543.370765375,24,4.288276697110438
2025-06-22,50.262083375,374.9400633333333,24,3.9172509832061984
2025-06-23,25.316249916666667,188.84656633333336,24,3.2314464787503594
2025-06-24,24.267916666666668,181.03137791666666,24,3.189155176196896
2025-06-25,66.23291679166667,494.1240525,24,4.193177571866363
2025-06-26,91.36458366666666,681.6163400416666,24,4.514857916131932
2025-06-27,47.42125004166667,353.824172875,24,3.8590704413540613
2025-06-28,33.979166625,253.52875600000002,24,3.525747590486881
2025-06-29,38.501250041666665,287.26937695833334,24,3.650690709381363
2025-06-30,99.56833329166666,742.8693779166666,24,4.6008441751985965
2025-07-01,138.2770825,1031.643829375,24,4.9292595163350414
2025-07-02,103.87958279166666,775.0559551666666,24,4.643232370533755
2025-07-03,39.29833395833334,293.2245188333333,24,3.6711821250588836
2025-07-04,68.10416662499999,508.1728601666667,24,4.221038395204512
2025-07-05,29.467500333333334,219.87764712499998,24,3.3832879724304847
2025-07-06,70.66124970833333,527.253047,24,4.257897327994998
2025-07-07,95.38083329166666,711.5791685833333,24,4.557877649376962
2025-07-08,89.81916658333334,670.13182,24,4.497798388873874
2025-07-09,91.79833366666666,684.9257271666667,24,4.519594145682469
2025-07-10,90.41333350000001,674.5829225833334,24,4.5043917509909175
2025-07-11,87.88291745833334,655.738388625,24,4.476005445171248
2025-07-12,67.50916658333334,503.71964645833333,24,4.212263389892899
2025-07-13,73.49083325,548.3518523333333,24,4.2971606807538185
2025-07-14,98.39000095833335,734.2747380833333,24,4.588939182617824
2025-07-15,90.82458366666667,677.878362625,24,4.508929994189979
2025-07-16,95.750416125,714.6140806666667,24,4.561744974004315
2025-07-17,92.13250012499999,687.5664219166666,24,4.523227759678724
2025-07-18,100.933750125,753.3291374166666,24,4.614464362262484
2025-07-19,70.14208308333333,523.5124513750001,24,4.25052294320649
2025-07-20,70.97624991666667,529.7383389166666,24,4.262345312865
2025-07-21,97.30458349999999,726.349524375,24,4.577846094968384
2025-07-22,78.839167375,588.5343843333334,24,4.367409921282532
2025-07-23,75.990834125,567.2183829583333,24,4.3306127293947085
2025-07-24,100.56291666666668,750.6317788749999,24,4.610783568104283
2025-07-25,95.75083245833333,714.7225139166667,24,4.561749322104772
2025-07-26,88.627916625,661.5542208749999,24,4.4844468940427955
2025-07-27,79.43166704166667,592.9097355416667,24,4.374897117981983
2025-07-28,69.93458320833334,521.9287878333333,24,4.247560279512834
2025-07-29,58.389583249999994,435.66803645833335,24,4.067137504917689
2025-07-30,71.84249995833333,536.0743661666667,24,4.274476222363047
2025-07-31,85.05291691666666,634.71589775,24,4.443273614746019
2025-08-01,93.19041666666668,695.4707605,24,4.5346448909396955
2025-08-02,67.222083,501.6716832083334,24,4.208001809618097
2025-08-03,42.50208258333333,317.188792125,24,3.7495530766905985
2025-08-04,47.390834041666665,353.66831620833335,24,3.8584288353533602
2025-08-05,-0.0887500000000001,-0.6623589999999998,24,
2025-08-06,21.54999970833333,160.81256283333332,24,3.0703758030153403
2025-08-07,69.99666629166667,522.4761162916667,24,4.24844761651052
2025-08-08,75.718332875,565.10863375,24,4.3270203091283275
2025-08-09,60.320417166666665,450.189369375,24,4.099670639568801
2025-08-10,50.12374991666667,374.08858275000006,24,3.9144949459973724
2025-08-11,84.53208395833333,630.87139575,24,4.437131154113028
2025-08-12,85.01916654166666,634.5235456666667,24,4.442876719797045
2025-08-13,99.8320835,745.0069063750001,24,4.603489609610364
2025-08-14,104.98791658333333,783.556317875,24,4.653845263376564
2025-08-15,69.61833316666666,519.6033914166667,24,4.243027940221741
2025-08-16,60.07874970833333,448.40375625,24,4.095656196792158
2025-08-17,64.51333325,481.50171408333335,24,4.166871919492964
2025-08-18,91.39125045833333,682.13515425,24,4.515149745850897
2025-08-19,82.30999974999999,614.4112242083334,24,4.4104926039472545
2025-08-20,89.40249991666667,667.3807215833333,24,4.493148645062179
2025-08-21,91.237082875,681.0027103333333,24,4.513461424908141
2025-08-22,63.95791629166666,477.4202619166667,24,4.158225309130921
2025-08-23,68.13041666666668,508.56630829166664,24,4.221423760525964
2025-08-24,63.756249499999996,475.91490004166667,24,4.155067210606323
2025-08-25,88.99291679166667,664.2431309166667,24,4.488556779954471
2025-08-26,101.28500025,756.02162725,24,4.617938327734052
2025-08-27,104.90333291666667,783.0719092916667,24,4.653039287220369
2025-08-28,115.922499625,865.33827525,24,4.752921861142605
2025-08-29,94.33666575000001,704.147740625,24,4.546869934322912
2025-08-30,68.88749966666667,514.1900750416667,24,4.232474734370546
2025-08-31,56.665833666666664,422.96511566666663,24,4.037171448274106
2025-09-01,99.99166654166667,746.3277999166667,24,4.605086847932239
2025-09-02,121.42458466666666,906.2159601666667,24,4.799293367733199
2025-09-03,59.6279165,445.02102916666666,24,4.0881238620583735
2025-09-04,80.501666625,600.8966403333333,24,4.388277887626354
2025-09-05,99.91791662499999,745.867264125,24,4.604349015169604
2025-09-06,75.5099995,563.6670442916667,24,4.324265091193695
2025-09-07,44.387916458333336,331.34691879166667,24,3.7929672805588073
2025-09-08,116.00208383333334,866.071557875,24,4.753608155025472
2025-09-09,141.33249874999998,1055.2308354583333,24,4.951115261475659
2025-09-10,122.10333337499999,911.5135940416667,24,4.804867681112561
2025-09-11,62.459583333333335,466.20574625,24,4.134519680896616
2025-09-12,39.125416666666666,292.047760125,24,3.6667722984308733
2025-09-13,42.37041645833333,316.2697366666667,24,3.746450393675207
2025-09-14,70.59333325,526.9368767083333,24,4.256935710153728
2025-09-15,3.0520833333333335,22.782581250000003,24,1.1158244175492311
2025-09-16,3.9966666666666666,29.835116666666668,24,1.3854606803713132
2025-09-17,32.629999625,243.56010625,24,3.485232099112738
2025-09-18,31.17625,232.721353375,24,3.439656586993222
2025-09-19,53.710833,400.87080208333333,24,3.9836147130132624
2025-09-20,59.32624991666666,442.7814662083333,24,4.08305187107024
2025-09-21,8.901250208333334,66.43448095833334,24,2.18619173971915
2025-09-22,41.67875004166667,311.0693509166667,24,3.7299914075920295
2025-09-23,103.08875054166667,769.4853605833333,24,4.635590272961769
2025-09-24,79.18916616666667,591.0600173333333,24,4.371839498638746
2025-09-25,81.83666670833334,610.82888025,24,4.404725391443591
2025-09-26,64.4383335,480.9548335,24,4.165708696708071
2025-09-27,81.04208270833333,604.8818969583334,24,4.394968559367516
2025-09-28,86.868750625,648.3709808333333,24,4.464398366045693
2025-09-29,130.28583333333333,972.4274029166667,24,4.8697307547612905
2025-09-30,135.39041679166667,1010.5269928333333,24,4.908162580954653
2025-10-01,116.02614571875,866.2396013125,24,4.75381555983608
2025-10-02,97.04041629166666,724.5813803229166,24,4.575127554524229
2025-10-03,28.996145802083333,216.50552188541667,24,3.367162917777601
2025-10-04,-0.0386458333333333,-0.28855684375000007,24,
2025-10-05,2.0673958333333333,15.436624468749999,24,0.726289763736331
2025-10-06,81.422708375,607.9589366145833,24,4.3996542067687034
2025-10-07,135.14416646875,1009.0133756770833,24,4.906342108407613
2025-10-08,116.67083361458333,871.1461133020833,24,4.759356581873952
2025-10-09,85.608124875,639.2187468541666,24,4.449780195407404
2025-10-10,63.739270812499996,475.9538830833333,24,4.154800868893944
2025-10-11,76.479895875,571.0906784687501,24,4.337027907275169
2025-10-12,83.10541670833334,620.5647676770833,24,4.420109882749517
2025-10-13,137.17822882291668,1024.4607306666667,24,4.921281020651744
2025-10-14,155.84770821875,1163.9330240520833,24,5.048879301060311
2025-10-15,136.43656302083335,1019.0037582083334,24,4.915859766825901
2025-10-16,93.29156257291667,696.7839410729166,24,4.535729670461889
2025-10-17,101.89135439583333,761.02652596875,24,4.623907092623662
2025-10-18,95.53166668749999,713.5260185416668,24,4.559457780874203
2025-10-19,69.44968753125,518.7197161979167,24,4.240602570000167
2025-10-20,66.70135422916667,498.15239390625,24,4.2002252560013265
2025-10-21,58.677499937499995,438.26811480208335,24,4.072056347348416
2025-10-22,109.69447886458333,819.3519403958334,24,4.697699036612461
2025-10-23,80.59625007291667,602.0056302916666,24,4.389452123280337
2025-10-24,38.02468759375,284.03681132291666,24,3.638235622299641
2025-10-25,12.228437520833333,91.34398258333333,24,2.5037641836332836
2025-10-26,12.28640003,91.77695094,25,2.508492962035866
2025-10-27,68.7704165625,513.67374946875,24,4.230773660642177
2025-10-28,67.5664584375,504.67414802083334,24,4.213111682952338
2025-10-29,84.49937471875,631.0751301875,24,4.436744134557643
2025-10-30,70.0335415,523.0034845104167,24,4.248974291572526
2025-10-31,82.54874991666667,616.4492997395834,24,4.413389026904009
2025-11-01,40.551771124999995,302.8284611979167,24,3.7025794571661548
2025-11-02,77.54562533333333,579.0874662708333,24,4.350866477113705
2025-11-03,69.886978625,521.8880016145833,24,4.2468793461210375
2025-11-04,50.83197888541667,379.5013879895833,24,3.9285256621473263
2025-11-05,80.40218729166666,600.2505694583333,24,4.3870413809351
2025-11-06,104.03968733333333,776.8955572083333,24,4.644772435321546
2025-11-07,108.75947911458333,812.0744026875,24,4.689138830442239
2025-11-08,106.15427066666666,792.6220927604166,24,4.664893419715534
2025-11-09,98.93749986458333,738.7366302291666,24,4.594488336272522
2025-11-10,108.56364545833333,810.6664534583333,24,4.687336595087476
2025-11-11,86.52916699999999,646.1911661875,24,4.460481547853253
2025-11-12,53.977187541666666,403.0530570416667,24,3.9885615043737963
2025-11-13,59.0970833125,441.3192890520833,24,4.079181571459867
2025-11-14,97.26520809375,726.3668475104167,24,4.57744135169899
2025-11-15,80.70499979166667,602.6968679270833,24,4.390800528643825
2025-11-16,92.7459373125,692.61738525,24,4.529863897967537
2025-11-17,86.63010442708334,646.97960884375,24,4.4616473813392
2025-11-18,102.51510356249999,765.62379946875,24,4.630010139552517
2025-11-19,104.96187508333333,783.9707411770833,24,4.65359718977833
2025-11-20,125.28604156249999,935.7739730208333,24,4.830599455556901
2025-11-21,145.70114634375,1088.1981516875,24,4.981557581006515
2025-11-22,80.47270837500001,601.0265170625,24,4.387918100544561
2025-11-23,64.6089581875,482.54492601041665,24,4.168353072807661
2025-11-24,126.70083343750001,946.3411950104168,24,4.841828665344132
2025-11-25,207.79385520833333,1552.0330839375001,24,5.3365465075269105
2025-11-26,161.5178121875,1206.3280839479166,24,5.084615428763638
2025-11-27,72.64510395833334,542.5717524375,24,4.2855859955682325
2025-11-28,58.680833020833326,438.2754057083334,24,4.072113149166407
2025-11-29,72.6836458125,542.8596138229167,24,4.286116404797391
2025-11-30,60.011041697916674,448.21046823958335,24,4.0945285735895816
2025-12-01,70.41104192708333,525.8789488229166,24,4.25435009642018
2025-12-02,82.07072928125,612.9534487083333,24,4.407581427690235
2025-12-03,144.87229155208334,1082.0366584062501,24,4.975852606417574
2025-12-04,122.67864633333333,916.2377380208333,24,4.809568305058449
2025-12-05,130.4994793125,974.6875610208332,24,4.871369236812259
2025-12-06,72.99989572916667,545.2289212395833,24,4.290458012779791
2025-12-07,80.09177066666666,598.1974259479167,24,4.383173110552517
2025-12-08,52.93291665625,395.3453679375,24,3.969025388380631
2025-12-09,81.75781246875,610.6409255833333,24,4.403761370578256
2025-12-10,54.27427088541666,405.3799566770833,24,3.9940502819646184
2025-12-11,53.883958166666666,402.4646719166667,24,3.9868328114769276
2025-12-12,108.37572889583333,809.5450197395834,24,4.685604160760518
2025-12-13,86.7959371875,648.3482916354167,24,4.46355981397522
2025-12-14,41.74489576041667,311.82602234375,24,3.7315771865873106
2025-12-15,67.03010382291667,500.7416876145833,24,4.205141829270899
2025-12-16,105.03604196875,784.7242695625,24,4.654303548103608
2025-12-17,103.83010395833332,775.7977707916666,24,4.642755947550856
2025-12-18,58.74895835416667,438.9310925208333,24,4.073273422725244
2025-12-19,47.06083329166666,351.60089767708337,24,3.8514410901476905
2025-12-20,96.51249982291667,721.0641886666667,24,4.569672531800111
2025-12-21,90.31010407291666,674.7248495729167,24,4.503249348658419
2025-12-22,82.57197896875,616.8622260729167,24,4.413670385306354
2025-12-23,74.540208125,556.8302627604166,24,4.311338686172248
2025-12-24,69.45552095833334,518.8466326458333,24,4.240686561481122
2025-12-25,69.8025000625,521.4386360104166,24,4.245669826641222
2025-12-26,97.53479163541665,728.6044005,24,4.580209151638844
2025-12-27,81.57406235416667,609.3745606041666,24,4.401511348134031
2025-12-28,80.73739559375001,603.1244925729167,24,4.39120185820092
2025-12-29,74.29718758333333,554.9405535208333,24,4.308073098831438
2025-12-30,86.89947936458333,649.0435213854166,24,4.464752041051827
2025-12-31,86.23031259375,644.0455817395833,24,4.457021770073632
2026-01-01,17.222395729166667,128.63235148958333,24,2.846210614129053
2026-01-02,57.07010419791666,426.2794363333333,24,4.044280410338375
2026-01-03,88.65343727083332,662.1879843749999,24,4.484734805269202
2026-01-04,94.43583344791666,705.3790143541668,24,4.547920592734074
2026-01-05,134.60364683333333,1005.4219399895833,24,4.902334510701941
2026-01-06,127.42708359375,952.2104082291667,24,4.847544307622733
2026-01-07,98.43604141666667,735.5633194270835,24,4.589407011555677
2026-01-08,154.03624960416667,1150.9588570104168,24,5.03718796175449
2026-01-09,78.39958340625,585.8330469895833,24,4.361818613646454
2026-01-10,97.38114633333333,727.6708778541666,24,4.578632622438537
2026-01-11,95.74697911458333,715.4597267291666,24,4.561709077845907
2026-01-12,89.86229144791668,671.4690141979166,24,4.498278403516274
2026-01-13,105.14333336458333,785.6940729270833,24,4.655324498946028
2026-01-14,117.06447945833334,874.7409098333334,24,4.762724889475831
2026-01-15,101.11187490625001,755.51804046875,24,4.616227576164002
2026-01-16,94.61000006249999,706.8502324583334,24,4.549763179376959
2026-01-17,112.21989620833334,838.4172885104167,24,4.720460305427846
2026-01-18,108.01635409375001,807.0117846666667,24,4.682282642454322
2026-01-19,141.11187489583332,1054.3455956770833,24,4.949553014749407
2026-01-20,163.26364576041667,1219.71004475,24,5.095366352782187
2026-01-21,104.53489580208333,780.92793909375,24,4.649520946782693
2026-01-22,81.4420833125,608.2746318854166,24,4.399892133424191
2026-01-23,97.07885430208334,725.0431312187501,24,4.575523579203299
2026-01-24,105.85020848958334,790.5528671458333,24,4.6620249672490655
2026-01-25,111.01552053125,829.1305166354167,24,4.709670016143641
2026-01-26,132.58104134375,990.0887005833333,24,4.887194091238199
2026-01-27,122.68708352083333,916.1903335729166,24,4.809637077396855
2026-01-28,132.30031184375,987.8335084791667,24,4.885074428213748
2026-01-29,123.01312490625001,918.5144010208332,24,4.812291056234556
2026-01-30,98.82791673958333,737.9875854166667,24,4.593380122934751
2026-01-31,87.82572910416667,655.82984953125,24,4.4753544999012815
2026-02-01,90.79520828125,678.0041382604167,24,4.508606511981815
2026-02-02,101.68083313541666,759.4643107916667,24,4.621838820547637
2026-02-03,94.68406235416667,707.1668565,24,4.550545689874123
2026-02-04,92.03031201041667,687.2179488958333,24,4.522118001157055
2026-02-05,97.37781255208334,727.042224125,24,4.578598387492228
2026-02-06,115.54927032291666,862.829511375,24,4.749697021883633
2026-02-07,106.01187499999999,791.6118730312501,24,4.663551116139252
2026-02-08,103.85041640625,775.4718294166668,24,4.642951560003539
2026-02-09,139.64291692708335,1043.020875125,24,4.939088570926452
2026-02-10,118.95541671874999,888.7753960729166,24,4.778748773490632
2026-02-11,112.74697894791666,842.1973833854166,24,4.725146183770304
2026-02-12,99.08874998958333,740.31186890625,24,4.596015913091485
2026-02-13,107.79833316666667,805.3505672604166,24,4.680262196079535
2026-02-14,103.74166653125,775.0436164791666,24,4.641903833294414
2026-02-15,84.26750014583334,629.5540668125,24,4.433996264526801
2026-02-16,91.09322908333333,680.5301865729167,24,4.511883477500819
2026-02-17,97.54885413541666,728.7484697083333,24,4.580353320566678
2026-02-18,114.92177092708333,858.6265193020832,24,4.744251644078356
2026-02-19,94.98281235416665,709.6830790729167,24,4.553695952644356
2026-02-20,84.64760415625,632.4530391979166,24,4.438496805240038
2026-02-21,63.76114588541666,476.3977775833334,24,4.155144006174556
2026-02-22,57.52604189583334,429.811574625,24,4.052237747810139
2026-02-23,81.4254169375,608.3048623333333,24,4.399687471658859
2026-02-24,115.64614579166665,864.0154844479167,24,4.7505350616341415
2026-02-25,94.42031276041666,705.4424826770833,24,4.547756227550874
2026-02-26,76.90166683333334,574.6015643541666,24,4.342527551612625
2026-02-27,76.16343768750001,569.0779737187501,24,4.332881527167953
2026-02-28,73.78458361458333,551.3036518333333,24,4.301149815673676
2026-03-01,55.113125125,411.7942483333333,24,4.009387893327825
2026-03-02,96.90395859375,723.98885546875,24,4.573720370422967
2026-03-03,100.26406263541666,749.0126535104167,24,4.607807332013971
2026-03-04,149.66781222916669,1118.2430590520833,24,5.00841825313728
2026-03-05,118.13729141666666,882.6745865520834,24,4.771847434721619
2026-03-06,124.49791678125,930.0990366979167,24,4.824288983084046
2026-03-07,120.26885375,898.5045526458333,24,4.789729684637714
2026-03-08,117.61979111458334,878.7139354999999,24,4.7674573130957265
2026-03-09,138.2383336875,1032.7509433020834,24,4.928979251217907
2026-03-10,140.80989594791666,1052.0329755833334,24,4.947410724975156
2026-03-11,76.21822911458334,569.4873643229167,24,4.333600661307834
2026-03-12,50.91395838541666,380.4392798020833,24,3.9301371175024835
2026-03-13,46.18031263541667,345.08700419791666,24,3.8325535738345002
2026-03-14,120.76989544791667,902.4651207083334,24,4.793887044574536
2026-03-15,96.45677088541667,720.7828661458334,24,4.5690949378770505
2026-03-16,73.36916642708333,548.2144115729167,24,4.2955037714385655
2026-03-17,117.54718701041666,878.2890719375,24,4.766839844545912
2026-03-18,89.74489520833333,670.5738570625,24,4.496971147849201
2026-03-19,115.16583404166666,860.4730455833334,24,4.746373124773972
2026-03-20,142.87156218750002,1067.4220153958333,24,4.961946060145698
2026-03-21,114.33260422916668,854.2017527500001,24,4.739111781473124
2026-03-22,83.89354198958334,626.78543090625,24,4.429548637800042
2026-03-23,138.3747915625,1033.8949301041666,24,4.92996588470427
2026-03-24,73.68927107291667,550.5399130833333,24,4.299857212925351
2026-03-25,21.418541666666666,160.03291776041667,24,3.0642569799131936
2026-03-26,68.89187509375,514.7600906770833,24,4.232538247898495
2026-03-27,114.95437490625,858.95058475,24,4.744535309695483
2026-03-28,80.11614563541667,598.6358518229166,24,4.383477402244222
2026-03-29,66.8527172826087,499.53018881521734,23,4.202491950180486
2026-03-30,56.604166677083334,422.9859563333334,24,4.0360825987024835
2026-03-31,111.7753125625,835.2969108125,24,4.716490718470418
2026-04-01,138.70718723958333,1036.50332734375,24,4.932365144576543
2026-04-02,105.61739627083334,789.2365553333333,24,4.659823095117638
2026-04-03,80.23156260416667,599.53837471875,24,4.384916986132881
2026-04-04,30.988645833333333,231.56575483333333,24,3.4336208739534495
2026-04-05,1.0113542187500002,7.557445520833332,24,0.011290243412825697
2026-04-06,23.986145645833332,179.23887197916667,24,3.177476398909552
2026-04-07,90.348854125,675.1318124791667,24,4.50367833433468
2026-04-08,100.2073950625,748.82982184375,24,4.607241988946417
2026-04-09,77.13031246875,576.3793989791667,24,4.345496361133734
2026-04-10,113.1686450625,845.6753340416667,24,4.728879140320688
2026-04-11,52.50781247916667,392.375130375,24,3.9609619676535823
2026-04-12,75.21135409375,562.03188571875,24,4.320302204847891
2026-04-13,123.50135393750001,922.8885675729166,24,4.816252119064618
2026-04-14,137.04916635416666,1024.1136005104165,24,4.920339739944207
2026-04-15,117.02385461458333,874.5192655833333,24,4.7623777996106424
2026-04-16,110.6416664375,826.8362374270833,24,4.706296749042605
2026-04-17,107.29906254166667,801.8888139791667,24,4.675619912801345
2026-04-18,91.22781229166667,681.7819324583334,24,4.5133598099280885
2026-04-19,85.5771874375,639.5525525729166,24,4.44941874573139
2026-04-20,97.7076039375,730.2080072708333,24,4.581979385472588
2026-04-21,84.29812483333333,629.9936061354167,24,4.4343596207904605
2026-04-22,79.8586465,596.82359459375,24,4.380258153081733
2026-04-23,70.4728125625,526.6433282604166,24,4.255226998029647
2026-04-24,77.026666625,575.6202797604167,24,4.344151681704017
2026-04-25,30.411979427083335,227.26872226041667,24,3.414836590892311
2026-04-26,66.63593727083334,497.97035922916666,24,4.199244030676497
2026-04-27,102.76468734375,767.91940265625,24,4.632441785679283
2026-04-28,77.78062538541667,581.2001670625,24,4.353892369135193
2026-04-29,73.57770816666667,549.82413984375,24,4.298342101687684
2026-04-30,72.94802077083334,545.0384319895833,24,4.2897471432893335
2026-05-01,66.20354189583334,494.64638363541667,24,4.192733964469938
2026-05-02,71.97885425,537.7972073958333,24,4.276372384908194
2026-05-03,87.98500011458333,657.3887268854166,24,4.4771663467060305
2026-05-04,124.10260444791668,927.3567116979167,24,4.821108678677827
2026-05-05,128.20104191666667,958.0207460104166,24,4.8535996717286345
2026-05-06,122.44458309375,914.9671471770833,24,4.8076585447206
2026-05-07,135.85458309375,1015.1869576666667,24,4.911585071731342
2026-05-08,113.37895784375,847.2356003541666,24,4.7307358171424125
2026-05-09,89.14500022916667,666.1449287291667,24,4.490264260057452
2026-05-10,80.51000010416666,601.6190267604167,24,4.3883814016057245
2026-05-11,119.26197925000001,891.1970661666666,24,4.781322579649817
2026-05-12,93.56499975000001,699.2018866458334,24,4.538656379257812
2026-05-13,115.5052080625,863.2628240104167,24,4.749315620395476
2026-05-14,94.3939585,705.4815670416666,24,4.547477072162757
2026-05-15,106.9610414375,799.4054315,24,4.6724646694469225
2026-05-16,83.03624997916667,620.5963250625,24,4.41927725918745
2026-05-17,84.53489589583333,631.7969049375,24,4.437164418296285
2026-05-18,138.94697914583332,1038.39245925,24,4.93409241536804
2026-05-19,128.11854239583332,957.4426791770833,24,4.852955947809501
2026-05-20,108.73864564583333,812.6256466666667,24,4.688947256663508
2026-05-21,108.93364567708333,814.0611341458333,24,4.690738941606314
2026-05-22,107.47958346875,803.2056751666668,24,4.677300908309468
2026-05-23,78.83979180208333,589.1776481145833,24,4.367417841515981
2026-05-24,70.41260434375,526.2004335416667,24,4.2543722861121545
2026-05-25,79.19645860416666,591.8430547916666,24,4.3719315832267975
2026-05-26,88.10583351041667,658.3355985416666,24,4.4785387453972225
2026-05-27,72.60572927083334,542.5535725208333,24,4.285043834293297
2026-05-28,121.522083625,908.1223787083333,24,4.80009600449503
2026-05-29,101.41541708333334,757.8875533854166,24,4.619225121841779
2026-05-30,83.74583340625,625.8409876145834,24,4.427786419094451
2026-05-31,94.08437509375,703.1019435,24,4.544191987041724
2026-06-01,151.8646875625,1134.9911154270833,24,5.022989910966403
2026-06-02,122.18541641666667,913.21380225,24,4.805539697689876
2026-06-03,103.44041628125001,773.1033272708333,24,4.638995758829537
2026-06-04,63.48468744791666,474.49725094791665,24,4.150798734266612
